vars,id,creation_time,failed,failed_reason,time_of_death,type,fingerprint_hash,recruiter_id,assignment_id,unique_id,hit_id,mode,end_time,base_pay,bonus,entry_information,status,elt_id,elt_id_max,time_credit,estimated_max_time_credit,progress,time_credit_fixes,progress_fixes,page_uuid,page_count,aborted,complete,answer,answer_accumulators,sequences,branch_log,for_loops,failure_tags,base_payment,performance_reward,unpaid_bonus,total_wait_page_time,answer_is_fresh,browser_platform,module_state_id,current_trial_id,trial_status,awaited_async_code_block_process_id,class,object_type,aborted_modules,started_modules,finished_modules,module_id,mit_consent,sex,languages_in_order_of_proficiency,liked_experiment,find_experiment_difficult,encountered_technical_problems
"{""mit_consent"": true, ""__Waiting for trial__loop_start_time__loop_start_time"": ""2026-02-26T00:29:09.011979"", ""__label_experiment__trial_loop__loop_start_time__loop_start_time"": ""2026-02-26T00:27:28.550122"", ""sex"": ""male"", ""languages_in_order_of_proficiency"": ""Finnish, always finnish, FINNISH!!!!!!!!!!!!!!!!!!!!"", ""liked_experiment"": ""yes always - they rock"", ""find_experiment_difficult"": ""no"", ""encountered_technical_problems"": ""no - all debugged hopefully!""}",1,2026-02-26 00:27:15,False,,,Participant,dd34f5959ee63b8cefc12fb061d71c95,prolific,04rxme38n7b9,5c6eec2e673d7600016e5325:04rxme38n7b9,699f9178c0a64a38138a36ca,live,2026-02-26 00:29:46,1.25,,"{""recruiter"": ""prolific""}",approved,"[183, 4, 1]","[187, 5, 2]",451.5,451.5,1.0,[],"[1.0, 1.0]",a07c22a6-78fc-9bc9-ae62-67e5ad7e0828,46,False,True,Finish,[],[],"[[""mit_consent_conditional"", false], [""init_participant"", false]]",{},[],1.25,0.0,0.0,0.0,True,Chrome 139.0.0.0 on Linux 64-bit,,,exit,,Participant,Participant,[],"[""mit_consent"", ""label_experiment"", ""feedback""]","[""mit_consent"", ""label_experiment"", ""feedback""]",,True,male,"Finnish, always finnish, FINNISH!!!!!!!!!!!!!!!!!!!!",yes always - they rock,no,no - all debugged hopefully!
"{""mit_consent"": true, ""__Waiting for trial__loop_start_time__loop_start_time"": ""2026-02-26T00:52:24.742594"", ""__label_experiment__trial_loop__loop_start_time__loop_start_time"": ""2026-02-26T00:45:41.908111"", ""sex"": ""female"", ""languages_in_order_of_proficiency"": ""English"", ""liked_experiment"": ""Yes, it was interesting but a bit repetitive."", ""find_experiment_difficult"": ""No, not at all."", ""encountered_technical_problems"": ""No, no problems.""}",2,2026-02-26 00:44:29,False,,,Participant,5545037290ec9a9bf8462a92e034341c,prolific,699f960c01bf1c41bcf62dd2,67ed97431e3dbd7416f76f7d:699f960c01bf1c41bcf62dd2,699f9178c0a64a38138a36ca,live,2026-02-26 00:55:02,1.25,,"{""recruiter"": ""prolific""}",approved,"[183, 4, 1]","[187, 5, 2]",451.5,451.5,1.0,[],"[1.0, 1.0]",96c91914-61c0-dd56-2468-396c166e5e35,46,False,True,Finish,[],[],"[[""mit_consent_conditional"", false], [""init_participant"", false]]",{},[],1.25,0.0,0.0,0.0,True,Chrome 145.0.0.0 on Windows 10 64-bit,,,exit,,Participant,Participant,[],"[""mit_consent"", ""label_experiment"", ""feedback""]","[""mit_consent"", ""label_experiment"", ""feedback""]",,True,female,English,"Yes, it was interesting but a bit repetitive.","No, not at all.","No, no problems."
"{""mit_consent"": true, ""__Waiting for trial__loop_start_time__loop_start_time"": ""2026-02-26T00:54:07.333887"", ""__label_experiment__trial_loop__loop_start_time__loop_start_time"": ""2026-02-26T00:48:26.731673"", ""sex"": ""female"", ""languages_in_order_of_proficiency"": ""English"", ""liked_experiment"": ""yes"", ""find_experiment_difficult"": ""no"", ""encountered_technical_problems"": ""no""}",3,2026-02-26 00:47:00,False,,,Participant,6bf947478ce6b585d74a8fe253fdde8b,prolific,699f9631ca726eb7a329e30c,662bf98a6f25e5ccdce46ebc:699f9631ca726eb7a329e30c,699f9178c0a64a38138a36ca,live,2026-02-26 00:54:39,1.25,,"{""recruiter"": ""prolific""}",approved,"[183, 4, 1]","[187, 5, 2]",451.5,451.5,1.0,[],"[1.0, 1.0]",656e3a3d-6af0-fc2d-acfb-54a7dfaa534e,46,False,True,Finish,[],[],"[[""mit_consent_conditional"", false], [""init_participant"", false]]",{},[],1.25,0.0,0.0,0.0,True,Chrome 145.0.0.0 on Windows 10 64-bit,,,exit,,Participant,Participant,[],"[""mit_consent"", ""label_experiment"", ""feedback""]","[""mit_consent"", ""label_experiment"", ""feedback""]",,True,female,English,yes,no,no
"{""mit_consent"": true, ""__Waiting for trial__loop_start_time__loop_start_time"": ""2026-02-26T01:11:41.609299"", ""__label_experiment__trial_loop__loop_start_time__loop_start_time"": ""2026-02-26T01:08:56.238906"", ""sex"": ""female"", ""languages_in_order_of_proficiency"": ""English"", ""liked_experiment"": ""Yes"", ""find_experiment_difficult"": ""No"", ""encountered_technical_problems"": ""No""}",4,2026-02-26 01:08:25,False,,,Participant,76983038e28514dad34d31ee699679b3,prolific,699f9cf0711589386528f486,699f6aab88622c6dcaa6200b:699f9cf0711589386528f486,699f9178c0a64a38138a36ca,live,2026-02-26 01:12:02,1.25,,"{""recruiter"": ""prolific""}",approved,"[183, 4, 1]","[187, 5, 2]",451.5,451.5,1.0,[],"[1.0, 1.0]",7c8f3c51-381b-a009-e1f7-375c9a112910,46,False,True,Finish,[],[],"[[""mit_consent_conditional"", false], [""init_participant"", false]]",{},[],1.25,0.0,0.0,0.0,True,Chrome 144.0.0.0 on OS X 10.15.7 64-bit,,,exit,,Participant,Participant,[],"[""mit_consent"", ""label_experiment"", ""feedback""]","[""mit_consent"", ""label_experiment"", ""feedback""]",,True,female,English,Yes,No,No
"{""mit_consent"": true, ""__Waiting for trial__loop_start_time__loop_start_time"": ""2026-02-26T01:15:57.418021"", ""__label_experiment__trial_loop__loop_start_time__loop_start_time"": ""2026-02-26T01:12:07.020626"", ""sex"": ""female"", ""languages_in_order_of_proficiency"": ""English, spanish"", ""liked_experiment"": ""Yes, its fun and different"", ""find_experiment_difficult"": ""No"", ""encountered_technical_problems"": ""No issues""}",5,2026-02-26 01:09:15,False,,,Participant,d66483eaf2f5003939c9541f992b33ff,prolific,699f9cefed06d7f332e3e160,6691809035e52ca9b2b0f39a:699f9cefed06d7f332e3e160,699f9178c0a64a38138a36ca,live,2026-02-26 01:17:08,1.25,,"{""recruiter"": ""prolific""}",approved,"[183, 4, 1]","[187, 5, 2]",451.5,451.5,1.0,[],"[1.0, 1.0]",fef6790f-4e1d-528e-68a5-0edda77ca5df,46,False,True,Finish,[],[],"[[""mit_consent_conditional"", false], [""init_participant"", false]]",{},[],1.25,0.0,0.0,0.0,True,Chrome 145.0.0.0 on Windows 10 64-bit,,,exit,,Participant,Participant,[],"[""mit_consent"", ""label_experiment"", ""feedback""]","[""mit_consent"", ""label_experiment"", ""feedback""]",,True,female,"English, spanish","Yes, its fun and different",No,No issues
"{""mit_consent"": true, ""__Waiting for trial__loop_start_time__loop_start_time"": ""2026-02-26T01:22:16.699877"", ""__label_experiment__trial_loop__loop_start_time__loop_start_time"": ""2026-02-26T01:17:49.570148"", ""sex"": ""female"", ""languages_in_order_of_proficiency"": ""English"", ""liked_experiment"": ""Yes"", ""find_experiment_difficult"": ""No"", ""encountered_technical_problems"": ""No""}",6,2026-02-26 01:10:55,False,,,Participant,b9b611b3e438f4e3c51cc8efddbd198a,prolific,699f9b72ebf74a42b8f4016e,66205dd1c80876a4b5f05567:699f9b72ebf74a42b8f4016e,699f9178c0a64a38138a36ca,live,2026-02-26 01:23:03,1.25,,"{""recruiter"": ""prolific""}",approved,"[183, 4, 1]","[187, 5, 2]",451.5,451.5,1.0,[],"[1.0, 1.0]",adb7ae15-50e9-17a0-4b24-1265ab31e6f0,46,False,True,Finish,[],[],"[[""mit_consent_conditional"", false], [""init_participant"", false]]",{},[],1.25,0.0,0.0,0.0,True,Chrome 144.0.0.0 on Windows 10 64-bit,,,exit,,Participant,Participant,[],"[""mit_consent"", ""label_experiment"", ""feedback""]","[""mit_consent"", ""label_experiment"", ""feedback""]",,True,female,English,Yes,No,No
"{""mit_consent"": true, ""__Waiting for trial__loop_start_time__loop_start_time"": ""2026-02-26T01:37:54.980324"", ""__label_experiment__trial_loop__loop_start_time__loop_start_time"": ""2026-02-26T01:30:33.290426"", ""sex"": ""female"", ""languages_in_order_of_proficiency"": ""English"", ""liked_experiment"": ""Yes"", ""find_experiment_difficult"": ""No"", ""encountered_technical_problems"": ""No""}",7,2026-02-26 01:28:10,False,,,Participant,940399bca6ea63a6c808947e1d78ffc1,prolific,699fa18a06172fca52e1a696,62b9c2f1e55fe9f17dfedc5d:699fa18a06172fca52e1a696,699f9178c0a64a38138a36ca,live,2026-02-26 01:38:57,1.25,,"{""recruiter"": ""prolific""}",approved,"[183, 4, 1]","[187, 5, 2]",451.5,451.5,1.0,[],"[1.0, 1.0]",7e28201a-d3a0-7179-d4d2-b81bdae25f08,46,False,True,Finish,[],[],"[[""mit_consent_conditional"", false], [""init_participant"", false]]",{},[],1.25,0.0,0.0,0.0,True,Chrome 144.0.0.0 on OS X 10.15.7 64-bit,,,exit,,Participant,Participant,[],"[""mit_consent"", ""label_experiment"", ""feedback""]","[""mit_consent"", ""label_experiment"", ""feedback""]",,True,female,English,Yes,No,No
"{""mit_consent"": true, ""__Waiting for trial__loop_start_time__loop_start_time"": ""2026-02-26T01:58:05.842741"", ""__label_experiment__trial_loop__loop_start_time__loop_start_time"": ""2026-02-26T01:52:15.793198"", ""sex"": ""male"", ""languages_in_order_of_proficiency"": ""English"", ""liked_experiment"": ""yes"", ""find_experiment_difficult"": ""no"", ""encountered_technical_problems"": ""no""}",8,2026-02-26 01:51:36,False,,,Participant,568f5145022ba19aca8ee165c64a7c40,prolific,699fa70bbc7c6bf4232422eb,664000a773659900df146677:699fa70bbc7c6bf4232422eb,699f9178c0a64a38138a36ca,live,2026-02-26 01:58:40,1.25,,"{""recruiter"": ""prolific""}",approved,"[183, 4, 1]","[187, 5, 2]",451.5,451.5,1.0,[],"[1.0, 1.0]",9c251cd6-d7ec-0d99-3dd4-6d9c25092810,46,False,True,Finish,[],[],"[[""mit_consent_conditional"", false], [""init_participant"", false]]",{},[],1.25,0.0,0.0,0.0,True,Chrome 109.0.0.0 on Windows 10 64-bit,,,exit,,Participant,Participant,[],"[""mit_consent"", ""label_experiment"", ""feedback""]","[""mit_consent"", ""label_experiment"", ""feedback""]",,True,male,English,yes,no,no
"{""mit_consent"": true, ""__Waiting for trial__loop_start_time__loop_start_time"": ""2026-02-26T02:02:38.387300"", ""__label_experiment__trial_loop__loop_start_time__loop_start_time"": ""2026-02-26T01:53:38.586188"", ""sex"": ""female"", ""languages_in_order_of_proficiency"": ""English"", ""liked_experiment"": ""yes"", ""find_experiment_difficult"": ""yes"", ""encountered_technical_problems"": ""No""}",9,2026-02-26 01:53:02,False,,,Participant,452ff1ff719ec2de7d71dd25030f82bc,prolific,699fa76b35a967b56affb30f,60fd588771ae861f9244f93d:699fa76b35a967b56affb30f,699f9178c0a64a38138a36ca,live,2026-02-26 02:03:22,1.25,,"{""recruiter"": ""prolific""}",approved,"[183, 4, 1]","[187, 5, 2]",451.5,451.5,1.0,[],"[1.0, 1.0]",6d1693ff-f149-532c-dc2f-ad9df263677e,46,False,True,Finish,[],[],"[[""mit_consent_conditional"", false], [""init_participant"", false]]",{},[],1.25,0.0,0.0,0.0,True,Chrome 145.0.0.0 on Windows 10 64-bit,,,exit,,Participant,Participant,[],"[""mit_consent"", ""label_experiment"", ""feedback""]","[""mit_consent"", ""label_experiment"", ""feedback""]",,True,female,English,yes,yes,No
"{""mit_consent"": true, ""__Waiting for trial__loop_start_time__loop_start_time"": ""2026-02-26T02:30:09.443342"", ""__label_experiment__trial_loop__loop_start_time__loop_start_time"": ""2026-02-26T02:24:19.963794"", ""sex"": ""female"", ""languages_in_order_of_proficiency"": ""English"", ""liked_experiment"": ""Yes"", ""find_experiment_difficult"": ""No"", ""encountered_technical_problems"": ""no""}",10,2026-02-26 02:23:37,False,,,Participant,2ea1bd6d1626f972b80d8c6def03b11e,prolific,699fadf9aefa05e020b5a10a,67722f8e3a4f08a288a1f640:699fadf9aefa05e020b5a10a,699f9178c0a64a38138a36ca,live,2026-02-26 02:30:37,1.25,,"{""recruiter"": ""prolific""}",approved,"[183, 4, 1]","[187, 5, 2]",451.5,451.5,1.0,[],"[1.0, 1.0]",eabc70a1-46cc-1b94-1dec-8e68fe383e43,46,False,True,Finish,[],[],"[[""mit_consent_conditional"", false], [""init_participant"", false]]",{},[],1.25,0.0,0.0,0.0,True,Chrome 144.0.0.0 on Chrome OS 64-bit,,,exit,,Participant,Participant,[],"[""mit_consent"", ""label_experiment"", ""feedback""]","[""mit_consent"", ""label_experiment"", ""feedback""]",,True,female,English,Yes,No,no
"{""mit_consent"": true, ""__Waiting for trial__loop_start_time__loop_start_time"": ""2026-02-26T03:07:05.256523"", ""__label_experiment__trial_loop__loop_start_time__loop_start_time"": ""2026-02-26T03:01:46.029712"", ""sex"": ""female"", ""languages_in_order_of_proficiency"": ""English"", ""liked_experiment"": ""Yes"", ""find_experiment_difficult"": ""No"", ""encountered_technical_problems"": ""No""}",11,2026-02-26 03:00:58,False,,,Participant,3c9d3c3fb4e20793e30ce58fe9daf4e3,prolific,699fb6b3464473ad605ac30c,66f9a40196d53f05f2232cff:699fb6b3464473ad605ac30c,699f9178c0a64a38138a36ca,live,2026-02-26 03:07:40,1.25,,"{""recruiter"": ""prolific""}",approved,"[183, 4, 1]","[187, 5, 2]",451.5,451.5,1.0,[],"[1.0, 1.0]",8024191b-09ff-2328-bdb5-36d244f3c057,46,False,True,Finish,[],[],"[[""mit_consent_conditional"", false], [""init_participant"", false]]",{},[],1.25,0.0,0.0,0.0,True,Chrome 126.0.0.0 on Chrome OS 64-bit,,,exit,,Participant,Participant,[],"[""mit_consent"", ""label_experiment"", ""feedback""]","[""mit_consent"", ""label_experiment"", ""feedback""]",,True,female,English,Yes,No,No
"{""mit_consent"": true, ""__Waiting for trial__loop_start_time__loop_start_time"": ""2026-02-26T03:45:04.662288"", ""__label_experiment__trial_loop__loop_start_time__loop_start_time"": ""2026-02-26T03:28:33.923683"", ""sex"": ""male"", ""languages_in_order_of_proficiency"": ""English"", ""liked_experiment"": ""yes"", ""find_experiment_difficult"": ""no"", ""encountered_technical_problems"": ""no""}",12,2026-02-26 03:27:56,False,,,Participant,da7db1a91eddd99686960f2f1f8ff6f1,prolific,699fbd9970ae50db2ae5ca27,699e0febbc2176ed36aa2d02:699fbd9970ae50db2ae5ca27,699f9178c0a64a38138a36ca,live,2026-02-26 03:45:51,1.25,,"{""recruiter"": ""prolific""}",approved,"[183, 4, 1]","[187, 5, 2]",451.5,451.5,1.0,[],"[1.0, 1.0]",20bc3064-685b-4ff8-c6cc-e0b3262fc682,46,False,True,Finish,[],[],"[[""mit_consent_conditional"", false], [""init_participant"", false]]",{},[],1.25,0.0,0.0,0.0,True,Chrome 145.0.0.0 on Windows 10 64-bit,,,exit,,Participant,Participant,[],"[""mit_consent"", ""label_experiment"", ""feedback""]","[""mit_consent"", ""label_experiment"", ""feedback""]",,True,male,English,yes,no,no
"{""mit_consent"": true, ""__Waiting for trial__loop_start_time__loop_start_time"": ""2026-02-26T03:44:04.889240"", ""__label_experiment__trial_loop__loop_start_time__loop_start_time"": ""2026-02-26T03:41:00.911422"", ""sex"": ""female"", ""languages_in_order_of_proficiency"": ""english"", ""liked_experiment"": ""no"", ""find_experiment_difficult"": ""no"", ""encountered_technical_problems"": ""n/a""}",13,2026-02-26 03:40:18,False,,,Participant,57066494b7e2491f43c05182c5395231,prolific,699fc0901f1efea8bed5e3d6,5f2df2c58df9de1511266128:699fc0901f1efea8bed5e3d6,699f9178c0a64a38138a36ca,live,2026-02-26 03:44:30,1.25,,"{""recruiter"": ""prolific""}",approved,"[183, 4, 1]","[187, 5, 2]",451.5,451.5,1.0,[],"[1.0, 1.0]",014584d9-750d-bb0a-0354-94206926952c,46,False,True,Finish,[],[],"[[""mit_consent_conditional"", false], [""init_participant"", false]]",{},[],1.25,0.0,0.0,0.0,True,Chrome 144.0.0.0 on Windows 10 64-bit,,,exit,,Participant,Participant,[],"[""mit_consent"", ""label_experiment"", ""feedback""]","[""mit_consent"", ""label_experiment"", ""feedback""]",,True,female,english,no,no,n/a
"{""mit_consent"": true, ""__Waiting for trial__loop_start_time__loop_start_time"": ""2026-02-26T04:07:52.060134"", ""__label_experiment__trial_loop__loop_start_time__loop_start_time"": ""2026-02-26T04:02:11.642776"", ""sex"": ""male"", ""languages_in_order_of_proficiency"": ""English"", ""liked_experiment"": ""Enjoyable. I hope I utilized the correct words as the movements were very close on some of them between jogging and running. Good luck with the research!"", ""find_experiment_difficult"": ""No - just hard to determine between a jog and a run. "", ""encountered_technical_problems"": ""None.""}",14,2026-02-26 04:01:25,False,,,Participant,7bb6b3c3d8edea858c265aa2a63fdfb0,prolific,699fc4b760af08831f53ef9a,5c309bb410677f0001dda0ed:699fc4b760af08831f53ef9a,699f9178c0a64a38138a36ca,live,2026-02-26 04:09:06,1.25,,"{""recruiter"": ""prolific""}",approved,"[183, 4, 1]","[187, 5, 2]",451.5,451.5,1.0,[],"[1.0, 1.0]",cf8c7efc-71d3-0de2-5507-150558c646e0,46,False,True,Finish,[],[],"[[""mit_consent_conditional"", false], [""init_participant"", false]]",{},[],1.25,0.0,0.0,0.0,True,Chrome 144.0.0.0 on Chrome OS 64-bit,,,exit,,Participant,Participant,[],"[""mit_consent"", ""label_experiment"", ""feedback""]","[""mit_consent"", ""label_experiment"", ""feedback""]",,True,male,English,Enjoyable. I hope I utilized the correct words as the movements were very close on some of them between jogging and running. Good luck with the research!,No - just hard to determine between a jog and a run. ,None.
"{""mit_consent"": true, ""__Waiting for trial__loop_start_time__loop_start_time"": ""2026-02-26T04:57:11.967663"", ""__label_experiment__trial_loop__loop_start_time__loop_start_time"": ""2026-02-26T04:50:18.853810"", ""sex"": ""male"", ""languages_in_order_of_proficiency"": ""English"", ""liked_experiment"": ""I did it was interesting and challenging."", ""find_experiment_difficult"": ""A little actually, but in a fun way."", ""encountered_technical_problems"": ""Nope no issues at all.""}",15,2026-02-26 04:49:40,False,,,Participant,37187d3ef6b2b3821c5730825b3f1437,prolific,699fd0d54e89119baf039192,66f63aeba07bb69cb2f44c32:699fd0d54e89119baf039192,699f9178c0a64a38138a36ca,live,2026-02-26 04:58:02,1.25,,"{""recruiter"": ""prolific""}",approved,"[183, 4, 1]","[187, 5, 2]",451.5,451.5,1.0,[],"[1.0, 1.0]",8dd2eb53-78dc-162a-4f2f-c072348ae91a,46,False,True,Finish,[],[],"[[""mit_consent_conditional"", false], [""init_participant"", false]]",{},[],1.25,0.0,0.0,0.0,True,Chrome 145.0.0.0 on Windows 10 64-bit,,,exit,,Participant,Participant,[],"[""mit_consent"", ""label_experiment"", ""feedback""]","[""mit_consent"", ""label_experiment"", ""feedback""]",,True,male,English,I did it was interesting and challenging.,"A little actually, but in a fun way.",Nope no issues at all.
{},16,2026-02-26 04:53:02,False,,,Participant,92085030c02a9120c0a2ede69aa476ac,prolific,699fd1a06d7c3e7d0dd09648,698bf7df3e0b8e83634158c4:699fd1a06d7c3e7d0dd09648,699f9178c0a64a38138a36ca,live,2026-02-26 04:55:22,,,"{""recruiter"": ""prolific""}",returned,[1],[187],0.0,451.5,0.0,[],[],ffebe88e-0d5c-8e43-58c5-d41f47355755,1,False,False,,[],[],[],{},"[""assignment_returned"", ""premature_exit""]",1.25,0.0,0.0,0.0,False,,45.0,,,,Participant,Participant,[],"[""mit_consent""]",[],mit_consent,,,,,,
"{""mit_consent"": true, ""__Waiting for trial__loop_start_time__loop_start_time"": ""2026-02-26T05:00:35.763547"", ""__label_experiment__trial_loop__loop_start_time__loop_start_time"": ""2026-02-26T04:57:26.529077"", ""sex"": ""female"", ""languages_in_order_of_proficiency"": ""english"", ""liked_experiment"": ""yes"", ""find_experiment_difficult"": ""no"", ""encountered_technical_problems"": ""no""}",17,2026-02-26 04:54:26,False,,,Participant,0a0edfbb03780ae9439fb83eafb21a21,prolific,699fd1c53fe8dafc7b2e9f88,6692c893ffa8d76ccb029717:699fd1c53fe8dafc7b2e9f88,699f9178c0a64a38138a36ca,live,2026-02-26 05:00:58,1.25,,"{""recruiter"": ""prolific""}",approved,"[183, 4, 1]","[187, 5, 2]",451.5,451.5,1.0,[],"[1.0, 1.0]",76b98d2f-e27f-e455-c8dc-cf6a8acc9b14,46,False,True,Finish,[],[],"[[""mit_consent_conditional"", false], [""init_participant"", false]]",{},[],1.25,0.0,0.0,0.0,True,Chrome 145.0.0.0 on Windows 10 64-bit,,,exit,,Participant,Participant,[],"[""mit_consent"", ""label_experiment"", ""feedback""]","[""mit_consent"", ""label_experiment"", ""feedback""]",,True,female,english,yes,no,no
"{""mit_consent"": true, ""__Waiting for trial__loop_start_time__loop_start_time"": ""2026-02-26T05:02:20.052987"", ""__label_experiment__trial_loop__loop_start_time__loop_start_time"": ""2026-02-26T04:55:04.545545"", ""sex"": ""female"", ""languages_in_order_of_proficiency"": ""english"", ""liked_experiment"": ""yes"", ""find_experiment_difficult"": ""non"", ""encountered_technical_problems"": ""no""}",18,2026-02-26 04:54:35,False,,,Participant,227676feea971505fb4a370c1ad565f6,prolific,699fd1ca91b98e0a356c5a26,663140c398e19ff9b77d4663:699fd1ca91b98e0a356c5a26,699f9178c0a64a38138a36ca,live,2026-02-26 05:03:25,1.25,,"{""recruiter"": ""prolific""}",approved,"[183, 4, 1]","[187, 5, 2]",451.5,451.5,1.0,[],"[1.0, 1.0]",ffe58e75-7238-2755-27b8-d4454a970fa9,46,False,True,Finish,[],[],"[[""mit_consent_conditional"", false], [""init_participant"", false]]",{},[],1.25,0.0,0.0,0.0,True,Chrome 143.0.0.0 on OS X 10.15.7 64-bit,,,exit,,Participant,Participant,[],"[""mit_consent"", ""label_experiment"", ""feedback""]","[""mit_consent"", ""label_experiment"", ""feedback""]",,True,female,english,yes,non,no
"{""mit_consent"": true, ""__Waiting for trial__loop_start_time__loop_start_time"": ""2026-02-26T05:01:35.427996"", ""__label_experiment__trial_loop__loop_start_time__loop_start_time"": ""2026-02-26T04:56:46.804437"", ""sex"": ""female"", ""languages_in_order_of_proficiency"": ""English"", ""liked_experiment"": ""Yes!"", ""find_experiment_difficult"": ""No"", ""encountered_technical_problems"": ""none""}",19,2026-02-26 04:55:57,False,,,Participant,3e41791aa79591acfde49faadaa0dae7,prolific,699fd24132e88f4d6d9c6c1b,650f45b5d220cbfbc5801dfb:699fd24132e88f4d6d9c6c1b,699f9178c0a64a38138a36ca,live,2026-02-26 05:02:18,1.25,,"{""recruiter"": ""prolific""}",approved,"[183, 4, 1]","[187, 5, 2]",451.5,451.5,1.0,[],"[1.0, 1.0]",7741985e-e133-f03a-b137-1b9c5cc8d5af,46,False,True,Finish,[],[],"[[""mit_consent_conditional"", false], [""init_participant"", false]]",{},[],1.25,0.0,0.0,0.0,True,Chrome 145.0.0.0 on Windows 10 64-bit,,,exit,,Participant,Participant,[],"[""mit_consent"", ""label_experiment"", ""feedback""]","[""mit_consent"", ""label_experiment"", ""feedback""]",,True,female,English,Yes!,No,none
"{""mit_consent"": true, ""__Waiting for trial__loop_start_time__loop_start_time"": ""2026-02-26T05:03:20.287324"", ""__label_experiment__trial_loop__loop_start_time__loop_start_time"": ""2026-02-26T04:57:06.514854"", ""sex"": ""male"", ""languages_in_order_of_proficiency"": ""English"", ""liked_experiment"": ""I enjoyed my time watching the little guy run and walk."", ""find_experiment_difficult"": ""No I didn't. Only curious about its purpose. "", ""encountered_technical_problems"": ""No I did not. ""}",20,2026-02-26 04:56:25,False,,,Participant,8ed505947830f6f8508d6200e29a1ca4,prolific,699fd232a4e18f46a2d5e3f6,6779d0e560ce37d982f31caf:699fd232a4e18f46a2d5e3f6,699f9178c0a64a38138a36ca,live,2026-02-26 05:04:33,1.25,,"{""recruiter"": ""prolific""}",approved,"[183, 4, 1]","[187, 5, 2]",451.5,451.5,1.0,[],"[1.0, 1.0]",77d7e919-bcb3-f2b6-b7ef-9c7409dffd11,46,False,True,Finish,[],[],"[[""mit_consent_conditional"", false], [""init_participant"", false]]",{},[],1.25,0.0,0.0,0.0,True,Chrome 144.0.0.0 on Windows 10 64-bit,,,exit,,Participant,Participant,[],"[""mit_consent"", ""label_experiment"", ""feedback""]","[""mit_consent"", ""label_experiment"", ""feedback""]",,True,male,English,I enjoyed my time watching the little guy run and walk.,No I didn't. Only curious about its purpose. ,No I did not. 
"{""mit_consent"": true, ""__Waiting for trial__loop_start_time__loop_start_time"": ""2026-02-26T17:30:51.988077"", ""__label_experiment__trial_loop__loop_start_time__loop_start_time"": ""2026-02-26T17:28:30.522722"", ""sex"": ""male"", ""languages_in_order_of_proficiency"": ""english"", ""liked_experiment"": ""it was fine"", ""find_experiment_difficult"": ""no"", ""encountered_technical_problems"": ""no""}",21,2026-02-26 17:27:54,False,,,Participant,bb256638f7bab62b57343a4897d76148,prolific,69a0828fea466b74cf9a2190,676325864a29c405dab887a0:69a0828fea466b74cf9a2190,699f9178c0a64a38138a36ca,live,2026-02-26 17:31:16,1.25,,"{""recruiter"": ""prolific""}",approved,"[183, 4, 1]","[187, 5, 2]",451.5,451.5,1.0,[],"[1.0, 1.0]",523cf24a-896f-8047-efed-dd5aa0ac3d45,46,False,True,Finish,[],[],"[[""mit_consent_conditional"", false], [""init_participant"", false]]",{},[],1.25,0.0,0.0,0.0,True,Chrome 145.0.0.0 on OS X 10.15.7 64-bit,,,exit,,Participant,Participant,[],"[""mit_consent"", ""label_experiment"", ""feedback""]","[""mit_consent"", ""label_experiment"", ""feedback""]",,True,male,english,it was fine,no,no
"{""mit_consent"": true, ""__Waiting for trial__loop_start_time__loop_start_time"": ""2026-02-26T17:31:47.108133"", ""__label_experiment__trial_loop__loop_start_time__loop_start_time"": ""2026-02-26T17:28:06.571024"", ""sex"": ""female"", ""languages_in_order_of_proficiency"": ""english"", ""liked_experiment"": ""yes, but i think i might have wrote joffing instead of jogging at least once, sorry! "", ""find_experiment_difficult"": ""a little, i wasn't sure if I should use other walking related verbs"", ""encountered_technical_problems"": ""none""}",22,2026-02-26 17:27:55,False,,,Participant,9c2c6862d23bb32aebbd9a903b312500,prolific,69a082922e455c685d3d10dd,5f4c722074dfe876eaa57716:69a082922e455c685d3d10dd,699f9178c0a64a38138a36ca,live,2026-02-26 17:32:42,1.25,,"{""recruiter"": ""prolific""}",approved,"[183, 4, 1]","[187, 5, 2]",451.5,451.5,1.0,[],"[1.0, 1.0]",ef88d938-8351-4c72-5448-ebc181ffde05,46,False,True,Finish,[],[],"[[""mit_consent_conditional"", false], [""init_participant"", false]]",{},[],1.25,0.0,0.0,0.0,True,Chrome 145.0.0.0 on Windows 10 64-bit,,,exit,,Participant,Participant,[],"[""mit_consent"", ""label_experiment"", ""feedback""]","[""mit_consent"", ""label_experiment"", ""feedback""]",,True,female,english,"yes, but i think i might have wrote joffing instead of jogging at least once, sorry! ","a little, i wasn't sure if I should use other walking related verbs",none
"{""mit_consent"": true, ""__Waiting for trial__loop_start_time__loop_start_time"": ""2026-02-26T17:33:24.211778"", ""__label_experiment__trial_loop__loop_start_time__loop_start_time"": ""2026-02-26T17:29:40.548125"", ""sex"": ""female"", ""languages_in_order_of_proficiency"": ""English"", ""liked_experiment"": ""Kind of"", ""find_experiment_difficult"": ""No"", ""encountered_technical_problems"": ""No""}",23,2026-02-26 17:28:21,False,,,Participant,4f0c509dbea6adc68dc1ece1a148306f,prolific,69a0829d90984a3cd1ece9b7,69134a97886665640fa49f30:69a0829d90984a3cd1ece9b7,699f9178c0a64a38138a36ca,live,2026-02-26 17:33:52,1.25,,"{""recruiter"": ""prolific""}",approved,"[183, 4, 1]","[187, 5, 2]",451.5,451.5,1.0,[],"[1.0, 1.0]",20d7f26d-7c9e-46b7-9436-bb79d2a6c139,46,False,True,Finish,[],[],"[[""mit_consent_conditional"", false], [""init_participant"", false]]",{},[],1.25,0.0,0.0,0.0,True,Chrome 145.0.0.0 on OS X 10.15.7 64-bit,,,exit,,Participant,Participant,[],"[""mit_consent"", ""label_experiment"", ""feedback""]","[""mit_consent"", ""label_experiment"", ""feedback""]",,True,female,English,Kind of,No,No
"{""mit_consent"": true, ""__Waiting for trial__loop_start_time__loop_start_time"": ""2026-02-26T19:11:14.389697"", ""__label_experiment__trial_loop__loop_start_time__loop_start_time"": ""2026-02-26T19:06:45.244497"", ""sex"": ""male"", ""languages_in_order_of_proficiency"": ""english, spanish"", ""liked_experiment"": ""yea"", ""find_experiment_difficult"": ""no"", ""encountered_technical_problems"": ""no""}",24,2026-02-26 19:04:38,False,,,Participant,618a3341a7fbe50fd2dc8d25b9479e94,prolific,69a099380a732333a8812d28,6636db94fa3ed150c2d78447:69a099380a732333a8812d28,699f9178c0a64a38138a36ca,live,2026-02-26 19:15:12,1.25,,"{""recruiter"": ""prolific""}",approved,"[183, 4, 1]","[187, 5, 2]",451.5,451.5,1.0,[],"[1.0, 1.0]",ee63519e-0a5b-c710-7a6b-dea065f1000b,46,False,True,Finish,[],[],"[[""mit_consent_conditional"", false], [""init_participant"", false]]",{},[],1.25,0.0,0.0,0.0,True,Chrome 145.0.0.0 on Windows 10 64-bit,,,exit,,Participant,Participant,[],"[""mit_consent"", ""label_experiment"", ""feedback""]","[""mit_consent"", ""label_experiment"", ""feedback""]",,True,male,"english, spanish",yea,no,no
"{""mit_consent"": true, ""__Waiting for trial__loop_start_time__loop_start_time"": ""2026-02-26T19:16:42.533487"", ""__label_experiment__trial_loop__loop_start_time__loop_start_time"": ""2026-02-26T19:05:09.432425"", ""sex"": ""female"", ""languages_in_order_of_proficiency"": ""English"", ""liked_experiment"": ""Yes."", ""find_experiment_difficult"": ""Slightly."", ""encountered_technical_problems"": ""No""}",25,2026-02-26 19:04:54,False,,,Participant,53f767e53f6a066ecfa22e691a165416,prolific,69a0994843f1571f826b73b9,5e1f938b06121f2be0d1ead4:69a0994843f1571f826b73b9,699f9178c0a64a38138a36ca,live,2026-02-26 19:17:31,1.25,,"{""recruiter"": ""prolific""}",approved,"[183, 4, 1]","[187, 5, 2]",451.5,451.5,1.0,[],"[1.0, 1.0]",4cc35756-537f-b84e-91f9-8b91dcc52378,46,False,True,Finish,[],[],"[[""mit_consent_conditional"", false], [""init_participant"", false]]",{},[],1.25,0.0,0.0,0.0,True,Chrome 145.0.0.0 on Windows 10 64-bit,,,exit,,Participant,Participant,[],"[""mit_consent"", ""label_experiment"", ""feedback""]","[""mit_consent"", ""label_experiment"", ""feedback""]",,True,female,English,Yes.,Slightly.,No
{},26,2026-02-26 19:06:00,False,,,Participant,ab2bfd7c4487ad70e8601d8eadd7a965,prolific,69a099454f87cf5886a7d1e0,5a0f46bb7542890001aa7503:69a099454f87cf5886a7d1e0,699f9178c0a64a38138a36ca,live,,,,"{""recruiter"": ""prolific""}",working,[1],[187],0.0,451.5,0.0,[],[],6558a300-e925-f091-114f-4bc7811b88d1,1,False,False,,[],[],[],{},[],1.25,0.0,0.0,0.0,False,,71.0,,,,Participant,Participant,[],"[""mit_consent""]",[],mit_consent,,,,,,
"{""mit_consent"": true, ""__Waiting for trial__loop_start_time__loop_start_time"": ""2026-02-26T19:10:12.701667"", ""__label_experiment__trial_loop__loop_start_time__loop_start_time"": ""2026-02-26T19:07:36.775127"", ""sex"": ""male"", ""languages_in_order_of_proficiency"": ""English, Spanish"", ""liked_experiment"": ""Yes"", ""find_experiment_difficult"": ""No"", ""encountered_technical_problems"": ""No""}",27,2026-02-26 19:07:04,False,,,Participant,b16f024e8045eb0b984829ff6386685c,prolific,69a099c0eca8b42368292f0b,6978cd800f810936788fb20d:69a099c0eca8b42368292f0b,699f9178c0a64a38138a36ca,live,2026-02-26 19:10:46,1.25,,"{""recruiter"": ""prolific""}",approved,"[183, 4, 1]","[187, 5, 2]",451.5,451.5,1.0,[],"[1.0, 1.0]",e0c83687-7353-e2d7-7695-538197a5f9bd,46,False,True,Finish,[],[],"[[""mit_consent_conditional"", false], [""init_participant"", false]]",{},[],1.25,0.0,0.0,0.0,True,Chrome 145.0.0.0 on Windows 10 64-bit,,,exit,,Participant,Participant,[],"[""mit_consent"", ""label_experiment"", ""feedback""]","[""mit_consent"", ""label_experiment"", ""feedback""]",,True,male,"English, Spanish",Yes,No,No
"{""mit_consent"": true, ""__Waiting for trial__loop_start_time__loop_start_time"": ""2026-02-26T19:21:41.975790"", ""__label_experiment__trial_loop__loop_start_time__loop_start_time"": ""2026-02-26T19:19:09.382085"", ""sex"": ""male"", ""languages_in_order_of_proficiency"": ""english"", ""liked_experiment"": ""yes"", ""find_experiment_difficult"": ""no"", ""encountered_technical_problems"": ""no""}",28,2026-02-26 19:18:52,False,,,Participant,c729c2b6bd1c74b8177582f2f0ee5284,prolific,69a09c9471c96f9ed48fd585,5f16f559325a640008bb9a07:69a09c9471c96f9ed48fd585,699f9178c0a64a38138a36ca,live,2026-02-26 19:25:25,1.25,,"{""recruiter"": ""prolific""}",approved,"[183, 4, 1]","[187, 5, 2]",451.5,451.5,1.0,[],"[1.0, 1.0]",aadd7a75-e502-0ebc-55fb-e44e616cb6ea,46,False,True,Finish,[],[],"[[""mit_consent_conditional"", false], [""init_participant"", false]]",{},[],1.25,0.0,0.0,0.0,True,Chrome 145.0.0.0 on Windows 10 64-bit,,,exit,,Participant,Participant,[],"[""mit_consent"", ""label_experiment"", ""feedback""]","[""mit_consent"", ""label_experiment"", ""feedback""]",,True,male,english,yes,no,no
"{""mit_consent"": true, ""__Waiting for trial__loop_start_time__loop_start_time"": ""2026-02-26T19:25:37.288751"", ""__label_experiment__trial_loop__loop_start_time__loop_start_time"": ""2026-02-26T19:19:32.223944"", ""sex"": ""female"", ""languages_in_order_of_proficiency"": ""English"", ""liked_experiment"": ""Yes, it was different."", ""find_experiment_difficult"": ""No"", ""encountered_technical_problems"": ""No""}",29,2026-02-26 19:19:01,False,,,Participant,eecca7a84260e072b753c2bdf90e6c46,prolific,69a09c8e0a8ecd80e6eb338b,6983ac5265ea18163cd9befe:69a09c8e0a8ecd80e6eb338b,699f9178c0a64a38138a36ca,live,2026-02-26 19:27:33,1.25,,"{""recruiter"": ""prolific""}",approved,"[183, 4, 1]","[187, 5, 2]",451.5,451.5,1.0,[],"[1.0, 1.0]",741bd52f-d740-0345-bf87-ddd724c0bb96,46,False,True,Finish,[],[],"[[""mit_consent_conditional"", false], [""init_participant"", false]]",{},[],1.25,0.0,0.0,0.0,True,Chrome 144.0.0.0 on Chrome OS 64-bit,,,exit,,Participant,Participant,[],"[""mit_consent"", ""label_experiment"", ""feedback""]","[""mit_consent"", ""label_experiment"", ""feedback""]",,True,female,English,"Yes, it was different.",No,No
"{""mit_consent"": true, ""__Waiting for trial__loop_start_time__loop_start_time"": ""2026-02-26T19:23:51.966985"", ""__label_experiment__trial_loop__loop_start_time__loop_start_time"": ""2026-02-26T19:19:46.472210"", ""sex"": ""male"", ""languages_in_order_of_proficiency"": ""English"", ""liked_experiment"": ""yes.. a little hard to tell walking/running sometimes.. in retrospect maybe I should have chosen \""jogging\"" some of the time"", ""find_experiment_difficult"": ""not really"", ""encountered_technical_problems"": ""none""}",30,2026-02-26 19:19:12,False,,,Participant,3b4d67cb46c46550c6e6de9ce4440d69,prolific,69a09c93b5e734dd2477b483,5dec8925be656d35d4005320:69a09c93b5e734dd2477b483,699f9178c0a64a38138a36ca,live,2026-02-26 19:25:37,1.25,,"{""recruiter"": ""prolific""}",approved,"[183, 4, 1]","[187, 5, 2]",451.5,451.5,1.0,[],"[1.0, 1.0]",9de65e56-3b44-b87c-000f-6d0b049b1ec2,46,False,True,Finish,[],[],"[[""mit_consent_conditional"", false], [""init_participant"", false]]",{},[],1.25,0.0,0.0,0.0,True,Chrome 145.0.0.0 on Windows 10 64-bit,,,exit,,Participant,Participant,[],"[""mit_consent"", ""label_experiment"", ""feedback""]","[""mit_consent"", ""label_experiment"", ""feedback""]",,True,male,English,"yes.. a little hard to tell walking/running sometimes.. in retrospect maybe I should have chosen ""jogging"" some of the time",not really,none
"{""mit_consent"": true, ""__Waiting for trial__loop_start_time__loop_start_time"": ""2026-02-26T19:48:03.106096"", ""__label_experiment__trial_loop__loop_start_time__loop_start_time"": ""2026-02-26T19:34:47.708722"", ""sex"": ""male"", ""languages_in_order_of_proficiency"": ""English"", ""liked_experiment"": ""yes"", ""find_experiment_difficult"": ""no"", ""encountered_technical_problems"": ""NO""}",31,2026-02-26 19:33:44,False,,,Participant,63c75604356614dc0476a0df5412f76a,prolific,69a09c90f5c631c74c0c7cba,6525a87886c97615b6991402:69a09c90f5c631c74c0c7cba,699f9178c0a64a38138a36ca,live,2026-02-26 19:50:20,1.25,,"{""recruiter"": ""prolific""}",approved,"[183, 4, 1]","[187, 5, 2]",451.5,451.5,1.0,[],"[1.0, 1.0]",e98ad17e-5ae0-3e63-2705-e5062f362834,46,False,True,Finish,[],[],"[[""mit_consent_conditional"", false], [""init_participant"", false]]",{},[],1.25,0.0,0.0,0.0,True,Chrome 145.0.0.0 on Windows 10 64-bit,,,exit,,Participant,Participant,[],"[""mit_consent"", ""label_experiment"", ""feedback""]","[""mit_consent"", ""label_experiment"", ""feedback""]",,True,male,English,yes,no,NO
"{""mit_consent"": true, ""__Waiting for trial__loop_start_time__loop_start_time"": ""2026-02-26T19:55:57.589381"", ""__label_experiment__trial_loop__loop_start_time__loop_start_time"": ""2026-02-26T19:47:55.867835"", ""sex"": ""male"", ""languages_in_order_of_proficiency"": ""English"", ""liked_experiment"": ""Yes, I do"", ""find_experiment_difficult"": ""Not at all"", ""encountered_technical_problems"": ""No, I did not""}",32,2026-02-26 19:46:50,False,,,Participant,572282ff7c3744abf3df6530846f913c,prolific,69a0993c2a0c53002a46959e,6734d7383c5a0040f6283654:69a0993c2a0c53002a46959e,699f9178c0a64a38138a36ca,live,2026-02-26 19:56:54,1.25,,"{""recruiter"": ""prolific""}",approved,"[183, 4, 1]","[187, 5, 2]",451.5,451.5,1.0,[],"[1.0, 1.0]",f2905fa8-ecea-d8ca-aeb3-322c49f630ad,46,False,True,Finish,[],[],"[[""mit_consent_conditional"", false], [""init_participant"", false]]",{},[],1.25,0.0,0.0,0.0,True,Chrome 140.0.0.0 on Windows 10 64-bit,,,exit,,Participant,Participant,[],"[""mit_consent"", ""label_experiment"", ""feedback""]","[""mit_consent"", ""label_experiment"", ""feedback""]",,True,male,English,"Yes, I do",Not at all,"No, I did not"
"{""mit_consent"": true, ""__Waiting for trial__loop_start_time__loop_start_time"": ""2026-02-26T20:24:49.135797"", ""__label_experiment__trial_loop__loop_start_time__loop_start_time"": ""2026-02-26T20:21:47.614992"", ""sex"": ""female"", ""languages_in_order_of_proficiency"": ""english"", ""liked_experiment"": ""yes"", ""find_experiment_difficult"": ""no"", ""encountered_technical_problems"": ""no""}",33,2026-02-26 20:21:33,False,,,Participant,dd1e4b477341835945f32578acdc2996,prolific,69a0ab419affae6dbc5bf995,60fdf104935a0ef0e93762b0:69a0ab419affae6dbc5bf995,699f9178c0a64a38138a36ca,live,2026-02-26 20:25:10,1.25,,"{""recruiter"": ""prolific""}",approved,"[183, 4, 1]","[187, 5, 2]",451.5,451.5,1.0,[],"[1.0, 1.0]",8d399148-7886-95a4-8917-789abf418ddd,46,False,True,Finish,[],[],"[[""mit_consent_conditional"", false], [""init_participant"", false]]",{},[],1.25,0.0,0.0,0.0,True,Chrome 145.0.0.0 on Windows 10 64-bit,,,exit,,Participant,Participant,[],"[""mit_consent"", ""label_experiment"", ""feedback""]","[""mit_consent"", ""label_experiment"", ""feedback""]",,True,female,english,yes,no,no
"{""mit_consent"": true, ""__Waiting for trial__loop_start_time__loop_start_time"": ""2026-02-26T20:28:42.273626"", ""__label_experiment__trial_loop__loop_start_time__loop_start_time"": ""2026-02-26T20:25:00.969978"", ""sex"": ""male"", ""languages_in_order_of_proficiency"": ""English"", ""liked_experiment"": ""Yes, I enjoyed the experiment."", ""find_experiment_difficult"": ""It was at times difficult to tell how fast the model was moving and find the appropriate single word to describe said movement."", ""encountered_technical_problems"": ""I had no technical issues.""}",34,2026-02-26 20:21:38,False,,,Participant,1dc3978a1e99baf604b4fc1e666f1735,prolific,69a0ab37b037f7e35804389f,5e52d0122f5f952f2a7b6b28:69a0ab37b037f7e35804389f,699f9178c0a64a38138a36ca,live,2026-02-26 20:29:42,1.25,,"{""recruiter"": ""prolific""}",approved,"[183, 4, 1]","[187, 5, 2]",451.5,451.5,1.0,[],"[1.0, 1.0]",e6f718db-97c8-b8a3-736f-11191bf23a17,46,False,True,Finish,[],[],"[[""mit_consent_conditional"", false], [""init_participant"", false]]",{},[],1.25,0.0,0.0,0.0,True,Chrome 145.0.0.0 on Windows 10 64-bit,,,exit,,Participant,Participant,[],"[""mit_consent"", ""label_experiment"", ""feedback""]","[""mit_consent"", ""label_experiment"", ""feedback""]",,True,male,English,"Yes, I enjoyed the experiment.",It was at times difficult to tell how fast the model was moving and find the appropriate single word to describe said movement.,I had no technical issues.
"{""mit_consent"": true, ""__Waiting for trial__loop_start_time__loop_start_time"": ""2026-02-26T20:27:49.562000"", ""__label_experiment__trial_loop__loop_start_time__loop_start_time"": ""2026-02-26T20:23:20.381810"", ""sex"": ""male"", ""languages_in_order_of_proficiency"": ""English"", ""liked_experiment"": ""Yes it was enjoyable. Thank you. Sorry I couldn't come up with that many different words."", ""find_experiment_difficult"": ""No"", ""encountered_technical_problems"": ""No""}",35,2026-02-26 20:21:55,False,,,Participant,0df24abd1f9dbe109ccad677c13e8734,prolific,69a0ab3d7d7ebb2291db786e,5d8a29c082fec30001d9c24a:69a0ab3d7d7ebb2291db786e,699f9178c0a64a38138a36ca,live,2026-02-26 20:28:36,1.25,,"{""recruiter"": ""prolific""}",approved,"[183, 4, 1]","[187, 5, 2]",451.5,451.5,1.0,[],"[1.0, 1.0]",70742222-b3c0-6299-80ad-9fc895dca0dd,46,False,True,Finish,[],[],"[[""mit_consent_conditional"", false], [""init_participant"", false]]",{},[],1.25,0.0,0.0,0.0,True,Chrome 145.0.0.0 on Windows 10 64-bit,,,exit,,Participant,Participant,[],"[""mit_consent"", ""label_experiment"", ""feedback""]","[""mit_consent"", ""label_experiment"", ""feedback""]",,True,male,English,Yes it was enjoyable. Thank you. Sorry I couldn't come up with that many different words.,No,No
"{""mit_consent"": true, ""__Waiting for trial__loop_start_time__loop_start_time"": ""2026-02-26T20:27:08.393611"", ""__label_experiment__trial_loop__loop_start_time__loop_start_time"": ""2026-02-26T20:22:50.977477"", ""sex"": ""female"", ""languages_in_order_of_proficiency"": ""english"", ""liked_experiment"": ""no"", ""find_experiment_difficult"": ""no"", ""encountered_technical_problems"": ""no""}",36,2026-02-26 20:22:32,False,,,Participant,3b1f30e00b1756de44321c7d2c8cb999,prolific,69a0ab43c57e6e8da146df09,699f42f432008208420b9c00:69a0ab43c57e6e8da146df09,699f9178c0a64a38138a36ca,live,2026-02-26 20:27:33,1.25,,"{""recruiter"": ""prolific""}",approved,"[183, 4, 1]","[187, 5, 2]",451.5,451.5,1.0,[],"[1.0, 1.0]",cfc13f8a-ba68-70a5-f1b7-6256549be012,46,False,True,Finish,[],[],"[[""mit_consent_conditional"", false], [""init_participant"", false]]",{},[],1.25,0.0,0.0,0.0,True,Chrome 145.0.0.0 on Windows 10 64-bit,,,exit,,Participant,Participant,[],"[""mit_consent"", ""label_experiment"", ""feedback""]","[""mit_consent"", ""label_experiment"", ""feedback""]",,True,female,english,no,no,no
{},37,2026-02-26 21:06:18,False,,,Participant,7ae5b3e80105da1932f398b6f8c63ce9,prolific,69a0b59f9390d7a99be1f4a9,60c770aa2d2928bfda4c7cd4:69a0b59f9390d7a99be1f4a9,699f9178c0a64a38138a36ca,live,,,,"{""recruiter"": ""prolific""}",working,[1],[187],0.0,451.5,0.0,[],[],7cbcff50-437c-bf93-cf44-9aea0c529b6d,1,False,False,,[],[],[],{},[],1.25,0.0,0.0,0.0,False,,105.0,,,,Participant,Participant,[],"[""mit_consent""]",[],mit_consent,,,,,,
"{""mit_consent"": true, ""__Waiting for trial__loop_start_time__loop_start_time"": ""2026-02-26T21:16:11.346301"", ""__label_experiment__trial_loop__loop_start_time__loop_start_time"": ""2026-02-26T21:08:56.651750"", ""sex"": ""female"", ""languages_in_order_of_proficiency"": ""English"", ""liked_experiment"": ""Yes"", ""find_experiment_difficult"": ""No"", ""encountered_technical_problems"": ""None""}",38,2026-02-26 21:07:13,False,,,Participant,a770a2ef2772d6f2a0f7394c42bc212b,prolific,69a0b5f39546eceaed8d6fac,66d0a375c1c8aa9cac493997:69a0b5f39546eceaed8d6fac,699f9178c0a64a38138a36ca,live,2026-02-26 21:16:54,1.25,,"{""recruiter"": ""prolific""}",approved,"[183, 4, 1]","[187, 5, 2]",451.5,451.5,1.0,[],"[1.0, 1.0]",f95fa3c5-f88b-73ab-9080-54e4c5a008ea,46,False,True,Finish,[],[],"[[""mit_consent_conditional"", false], [""init_participant"", false]]",{},[],1.25,0.0,0.0,0.0,True,Chrome 145.0.0.0 on OS X 10.15.7 64-bit,,,exit,,Participant,Participant,[],"[""mit_consent"", ""label_experiment"", ""feedback""]","[""mit_consent"", ""label_experiment"", ""feedback""]",,True,female,English,Yes,No,None
"{""mit_consent"": true, ""__Waiting for trial__loop_start_time__loop_start_time"": ""2026-02-26T21:10:48.963926"", ""__label_experiment__trial_loop__loop_start_time__loop_start_time"": ""2026-02-26T21:09:30.878517""}",39,2026-02-26 21:09:13,False,,,Participant,81c1849e9c7d9b702de2d2fe86b2c551,prolific,69a0b66f6d715f16e9a8db9d,58c1ce3c3783090001b49355:69a0b66f6d715f16e9a8db9d,699f9178c0a64a38138a36ca,live,,,,"{""recruiter"": ""prolific""}",working,"[103, 1]","[187, 2]",146.5,451.5,0.32447397563676644,[],"[0.9446290143964563, 0.34662236987818396]",376ab48e-2140-b4aa-7173-dd2897b2d6ac,12,False,False,sprint,[],[],"[[""mit_consent_conditional"", false], [""init_participant"", false]]",{},[],1.25,0.0,0.0,0.0,True,Chrome 145.0.0.0 on Windows 10 64-bit,111.0,1252.0,available,,Participant,Participant,[],"[""mit_consent"", ""label_experiment""]","[""mit_consent""]",label_experiment,True,,,,,
"{""mit_consent"": true, ""__Waiting for trial__loop_start_time__loop_start_time"": ""2026-02-26T21:14:28.370680"", ""__label_experiment__trial_loop__loop_start_time__loop_start_time"": ""2026-02-26T21:09:49.665632"", ""sex"": ""female"", ""languages_in_order_of_proficiency"": ""english"", ""liked_experiment"": ""yes"", ""find_experiment_difficult"": ""no"", ""encountered_technical_problems"": ""no""}",40,2026-02-26 21:09:22,False,,,Participant,492ce5f7299a034633fd6d0038537853,prolific,69a0b66c8b60dcd8fd9f1de5,697facb19a7b7ac623ab7a2e:69a0b66c8b60dcd8fd9f1de5,699f9178c0a64a38138a36ca,live,2026-02-26 21:14:57,1.25,,"{""recruiter"": ""prolific""}",approved,"[183, 4, 1]","[187, 5, 2]",451.5,451.5,1.0,[],"[1.0, 1.0]",958b957e-fb42-0ded-dfe6-1562138585bc,46,False,True,Finish,[],[],"[[""mit_consent_conditional"", false], [""init_participant"", false]]",{},[],1.25,0.0,0.0,0.0,True,Chrome 145.0.0.0 on Windows 10 64-bit,,,exit,,Participant,Participant,[],"[""mit_consent"", ""label_experiment"", ""feedback""]","[""mit_consent"", ""label_experiment"", ""feedback""]",,True,female,english,yes,no,no
"{""mit_consent"": true, ""__Waiting for trial__loop_start_time__loop_start_time"": ""2026-02-26T21:16:13.489991"", ""__label_experiment__trial_loop__loop_start_time__loop_start_time"": ""2026-02-26T21:10:00.607285"", ""sex"": ""male"", ""languages_in_order_of_proficiency"": ""english"", ""liked_experiment"": ""eh, its ok i guess"", ""find_experiment_difficult"": ""no"", ""encountered_technical_problems"": ""no""}",41,2026-02-26 21:09:27,False,,,Participant,8c7fa0b642c62502ea96dc69083274f5,prolific,69a0b673371bb460026b110b,667871d17d7fdf0358f82a28:69a0b673371bb460026b110b,699f9178c0a64a38138a36ca,live,2026-02-26 21:17:07,1.25,,"{""recruiter"": ""prolific""}",approved,"[183, 4, 1]","[187, 5, 2]",451.5,451.5,1.0,[],"[1.0, 1.0]",ce3d6329-8969-02e1-4bee-271f26df40ea,46,False,True,Finish,[],[],"[[""mit_consent_conditional"", false], [""init_participant"", false]]",{},[],1.25,0.0,0.0,0.0,True,Chrome 145.0.0.0 on OS X 10.15.7 64-bit,,,exit,,Participant,Participant,[],"[""mit_consent"", ""label_experiment"", ""feedback""]","[""mit_consent"", ""label_experiment"", ""feedback""]",,True,male,english,"eh, its ok i guess",no,no
"{""mit_consent"": true, ""__Waiting for trial__loop_start_time__loop_start_time"": ""2026-02-26T21:34:37.489425"", ""__label_experiment__trial_loop__loop_start_time__loop_start_time"": ""2026-02-26T21:12:15.058549"", ""sex"": ""female"", ""languages_in_order_of_proficiency"": ""English"", ""liked_experiment"": ""yes, I enjoyed it."", ""find_experiment_difficult"": ""somewhat. Coming up with one word responses was a little difficult"", ""encountered_technical_problems"": ""no""}",42,2026-02-26 21:10:19,False,,,Participant,72d44637fb29213642d1d1300e0d1381,prolific,69a0b69c429edda9fe6b5727,66ddf72743367a46258db236:69a0b69c429edda9fe6b5727,699f9178c0a64a38138a36ca,live,2026-02-26 21:35:54,1.25,,"{""recruiter"": ""prolific""}",approved,"[183, 4, 1]","[187, 5, 2]",451.5,451.5,1.0,[],"[1.0, 1.0]",ad5a9b27-8a38-b9a6-c21e-5ca72b5a5f11,46,False,True,Finish,[],[],"[[""mit_consent_conditional"", false], [""init_participant"", false]]",{},[],1.25,0.0,0.0,0.0,True,Chrome 145.0.0.0 on Windows 10 64-bit,,,exit,,Participant,Participant,[],"[""mit_consent"", ""label_experiment"", ""feedback""]","[""mit_consent"", ""label_experiment"", ""feedback""]",,True,female,English,"yes, I enjoyed it.",somewhat. Coming up with one word responses was a little difficult,no
"{""mit_consent"": true, ""__Waiting for trial__loop_start_time__loop_start_time"": ""2026-02-26T21:17:58.687873"", ""__label_experiment__trial_loop__loop_start_time__loop_start_time"": ""2026-02-26T21:12:54.875448"", ""sex"": ""male"", ""languages_in_order_of_proficiency"": ""English"", ""liked_experiment"": ""it was interesting, but would be better if the figure did different things."", ""find_experiment_difficult"": ""no"", ""encountered_technical_problems"": """"}",43,2026-02-26 21:11:44,False,,,Participant,65ba21cdf1ec4e1966b24a5a95f039bc,prolific,69a0b672d4d158726faa869d,5ec4a156bc5aac3819ac52f2:69a0b672d4d158726faa869d,699f9178c0a64a38138a36ca,live,2026-02-26 21:19:10,1.25,,"{""recruiter"": ""prolific""}",approved,"[183, 4, 1]","[187, 5, 2]",451.5,451.5,1.0,[],"[1.0, 1.0]",c480d20a-e0ef-dc6e-ac5e-247e52efcfad,46,False,True,Finish,[],[],"[[""mit_consent_conditional"", false], [""init_participant"", false]]",{},[],1.25,0.0,0.0,0.0,True,Chrome 144.0.0.0 on Windows 10 64-bit,,,exit,,Participant,Participant,[],"[""mit_consent"", ""label_experiment"", ""feedback""]","[""mit_consent"", ""label_experiment"", ""feedback""]",,True,male,English,"it was interesting, but would be better if the figure did different things.",no,
"{""mit_consent"": true, ""__Waiting for trial__loop_start_time__loop_start_time"": ""2026-02-26T21:20:56.914337"", ""__label_experiment__trial_loop__loop_start_time__loop_start_time"": ""2026-02-26T21:16:23.966930"", ""sex"": ""female"", ""languages_in_order_of_proficiency"": ""english "", ""liked_experiment"": ""yes"", ""find_experiment_difficult"": ""no"", ""encountered_technical_problems"": ""no""}",44,2026-02-26 21:16:00,False,,,Participant,fdc1c9f89170226f7a57aeccd08979c1,prolific,69a0b774b6e348e5c9a98942,66f305037af69346a9a55b42:69a0b774b6e348e5c9a98942,699f9178c0a64a38138a36ca,live,2026-02-26 21:21:17,1.25,,"{""recruiter"": ""prolific""}",approved,"[183, 4, 1]","[187, 5, 2]",451.5,451.5,1.0,[],"[1.0, 1.0]",b6a28d0a-ba88-8318-f060-f1e77a68efe8,46,False,True,Finish,[],[],"[[""mit_consent_conditional"", false], [""init_participant"", false]]",{},[],1.25,0.0,0.0,0.0,True,Chrome 145.0.0.0 on Windows 10 64-bit,,,exit,,Participant,Participant,[],"[""mit_consent"", ""label_experiment"", ""feedback""]","[""mit_consent"", ""label_experiment"", ""feedback""]",,True,female,english ,yes,no,no
"{""mit_consent"": true, ""__Waiting for trial__loop_start_time__loop_start_time"": ""2026-02-26T22:00:29.629345"", ""__label_experiment__trial_loop__loop_start_time__loop_start_time"": ""2026-02-26T21:51:14.643176"", ""sex"": ""male"", ""languages_in_order_of_proficiency"": ""English"", ""liked_experiment"": ""Yes, it was fun."", ""find_experiment_difficult"": ""Not at all."", ""encountered_technical_problems"": ""Nope, everything was good.""}",45,2026-02-26 21:50:52,False,,,Participant,fcfd1545f59ad25bd2d885377b81950f,prolific,69a0c02e5c68e26e289474ec,66dceb449e0e3f3b1f239b3b:69a0c02e5c68e26e289474ec,699f9178c0a64a38138a36ca,live,2026-02-26 22:01:04,1.25,,"{""recruiter"": ""prolific""}",approved,"[183, 4, 1]","[187, 5, 2]",451.5,451.5,1.0,[],"[1.0, 1.0]",e7520b90-b8ac-5332-f534-153e7f1edf82,46,False,True,Finish,[],[],"[[""mit_consent_conditional"", false], [""init_participant"", false]]",{},[],1.25,0.0,0.0,0.0,True,Chrome 145.0.0.0 on Windows 10 64-bit,,,exit,,Participant,Participant,[],"[""mit_consent"", ""label_experiment"", ""feedback""]","[""mit_consent"", ""label_experiment"", ""feedback""]",,True,male,English,"Yes, it was fun.",Not at all.,"Nope, everything was good."
"{""mit_consent"": true, ""__Waiting for trial__loop_start_time__loop_start_time"": ""2026-02-26T21:55:25.252356"", ""__label_experiment__trial_loop__loop_start_time__loop_start_time"": ""2026-02-26T21:51:32.025195"", ""sex"": ""female"", ""languages_in_order_of_proficiency"": ""english"", ""liked_experiment"": ""yes"", ""find_experiment_difficult"": ""no"", ""encountered_technical_problems"": ""none""}",46,2026-02-26 21:50:52,False,,,Participant,0d836f391fbad9d5f15fa0397e8e0bb8,prolific,69a0c02dedfeac26e4d698c7,60ff26e2e30862fdb8531934:69a0c02dedfeac26e4d698c7,699f9178c0a64a38138a36ca,live,2026-02-26 21:55:54,1.25,,"{""recruiter"": ""prolific""}",approved,"[183, 4, 1]","[187, 5, 2]",451.5,451.5,1.0,[],"[1.0, 1.0]",41d98211-0eb2-b235-2283-205883b47c2c,46,False,True,Finish,[],[],"[[""mit_consent_conditional"", false], [""init_participant"", false]]",{},[],1.25,0.0,0.0,0.0,True,Chrome 103.0.0.0 on Chrome OS 64-bit,,,exit,,Participant,Participant,[],"[""mit_consent"", ""label_experiment"", ""feedback""]","[""mit_consent"", ""label_experiment"", ""feedback""]",,True,female,english,yes,no,none
"{""mit_consent"": true, ""__Waiting for trial__loop_start_time__loop_start_time"": ""2026-02-26T21:55:36.824803"", ""__label_experiment__trial_loop__loop_start_time__loop_start_time"": ""2026-02-26T21:52:50.666428"", ""sex"": ""female"", ""languages_in_order_of_proficiency"": ""english"", ""liked_experiment"": ""yes"", ""find_experiment_difficult"": ""no"", ""encountered_technical_problems"": ""no""}",47,2026-02-26 21:52:09,False,,,Participant,9bd5e3a60c3a36850e98a37b4acbea9e,prolific,69a0c024c1cbd7d8bb945de8,5e8601d90126b207e8c7a2aa:69a0c024c1cbd7d8bb945de8,699f9178c0a64a38138a36ca,live,2026-02-26 21:56:18,1.25,,"{""recruiter"": ""prolific""}",approved,"[183, 4, 1]","[187, 5, 2]",451.5,451.5,1.0,[],"[1.0, 1.0]",05285c41-9481-cb55-d594-8bbf173cd9e1,46,False,True,Finish,[],[],"[[""mit_consent_conditional"", false], [""init_participant"", false]]",{},[],1.25,0.0,0.0,0.0,True,Chrome 145.0.0.0 on Windows 10 64-bit,,,exit,,Participant,Participant,[],"[""mit_consent"", ""label_experiment"", ""feedback""]","[""mit_consent"", ""label_experiment"", ""feedback""]",,True,female,english,yes,no,no
"{""mit_consent"": true, ""__Waiting for trial__loop_start_time__loop_start_time"": ""2026-02-26T22:16:45.990783"", ""__label_experiment__trial_loop__loop_start_time__loop_start_time"": ""2026-02-26T22:01:55.823516"", ""sex"": ""male"", ""languages_in_order_of_proficiency"": ""English"", ""liked_experiment"": ""Yes"", ""find_experiment_difficult"": ""Somewhat"", ""encountered_technical_problems"": ""None""}",48,2026-02-26 21:53:41,False,,,Participant,228d243e09fc46187a23fe2019d3882e,prolific,69a0c030a3eb549159a7d1d5,67f0130f2e5e1c69ddbcfcdd:69a0c030a3eb549159a7d1d5,699f9178c0a64a38138a36ca,live,2026-02-26 22:17:49,1.25,,"{""recruiter"": ""prolific""}",approved,"[183, 4, 1]","[187, 5, 2]",451.5,451.5,1.0,[],"[1.0, 1.0]",c25118d4-7dc8-c85a-fa8a-02a6e6faaffb,46,False,True,Finish,[],[],"[[""mit_consent_conditional"", false], [""init_participant"", false]]",{},[],1.25,0.0,0.0,0.0,True,Chrome 145.0.0.0 on Windows 10 64-bit,,,exit,,Participant,Participant,[],"[""mit_consent"", ""label_experiment"", ""feedback""]","[""mit_consent"", ""label_experiment"", ""feedback""]",,True,male,English,Yes,Somewhat,None
"{""mit_consent"": true, ""__Waiting for trial__loop_start_time__loop_start_time"": ""2026-02-26T21:59:37.972608"", ""__label_experiment__trial_loop__loop_start_time__loop_start_time"": ""2026-02-26T21:55:33.932422"", ""sex"": ""male"", ""languages_in_order_of_proficiency"": ""English only"", ""liked_experiment"": ""It was OK, a little boring."", ""find_experiment_difficult"": ""Not really."", ""encountered_technical_problems"": ""No, all good.""}",49,2026-02-26 21:53:57,False,,,Participant,268cd8030a1a1062c551576b7719f66a,prolific,69a0c026146437320dd56045,66d8790772c9e0e4ee96259c:69a0c026146437320dd56045,699f9178c0a64a38138a36ca,live,2026-02-26 22:00:27,1.25,,"{""recruiter"": ""prolific""}",approved,"[183, 4, 1]","[187, 5, 2]",451.5,451.5,1.0,[],"[1.0, 1.0]",ecb88ff8-3f2e-662b-244e-972b1a858035,46,False,True,Finish,[],[],"[[""mit_consent_conditional"", false], [""init_participant"", false]]",{},[],1.25,0.0,0.0,0.0,True,Chrome 145.0.0.0 on Windows 10 64-bit,,,exit,,Participant,Participant,[],"[""mit_consent"", ""label_experiment"", ""feedback""]","[""mit_consent"", ""label_experiment"", ""feedback""]",,True,male,English only,"It was OK, a little boring.",Not really.,"No, all good."
"{""mit_consent"": true, ""__Waiting for trial__loop_start_time__loop_start_time"": ""2026-02-27T16:51:17.317989"", ""__label_experiment__trial_loop__loop_start_time__loop_start_time"": ""2026-02-27T16:48:48.339764"", ""sex"": ""male"", ""languages_in_order_of_proficiency"": ""English"", ""liked_experiment"": ""Yes"", ""find_experiment_difficult"": ""No"", ""encountered_technical_problems"": ""No""}",50,2026-02-27 16:48:27,False,,,Participant,59df1095f118d35ebe5144749b52021a,prolific,69a1cad16ca9f0179e21921a,62c5fbbb796500bb5406d772:69a1cad16ca9f0179e21921a,699f9178c0a64a38138a36ca,live,2026-02-27 16:51:35,1.25,,"{""recruiter"": ""prolific""}",approved,"[183, 4, 1]","[187, 5, 2]",451.5,451.5,1.0,[],"[1.0, 1.0]",641d385e-db28-8d40-e5c5-6484b266bf20,46,False,True,Finish,[],[],"[[""mit_consent_conditional"", false], [""init_participant"", false]]",{},[],1.25,0.0,0.0,0.0,True,Chrome 145.0.0.0 on OS X 10.15.7 64-bit,,,exit,,Participant,Participant,[],"[""mit_consent"", ""label_experiment"", ""feedback""]","[""mit_consent"", ""label_experiment"", ""feedback""]",,True,male,English,Yes,No,No
"{""mit_consent"": true, ""__Waiting for trial__loop_start_time__loop_start_time"": ""2026-02-27T16:52:33.124158"", ""__label_experiment__trial_loop__loop_start_time__loop_start_time"": ""2026-02-27T16:48:42.914272"", ""sex"": ""male"", ""languages_in_order_of_proficiency"": ""English"", ""liked_experiment"": ""No"", ""find_experiment_difficult"": ""no"", ""encountered_technical_problems"": ""no""}",51,2026-02-27 16:48:29,False,,,Participant,5b4e34e0ff979491617f29d9e9c95a85,prolific,69a1cad751aafa5c03f791d1,63d13e9a41e1c279a151bd4b:69a1cad751aafa5c03f791d1,699f9178c0a64a38138a36ca,live,2026-02-27 16:52:56,1.25,,"{""recruiter"": ""prolific""}",approved,"[183, 4, 1]","[187, 5, 2]",451.5,451.5,1.0,[],"[1.0, 1.0]",d866b25c-5916-8cb4-b279-06915f3083e5,46,False,True,Finish,[],[],"[[""mit_consent_conditional"", false], [""init_participant"", false]]",{},[],1.25,0.0,0.0,0.0,True,Chrome 144.0.0.0 on Windows 10 64-bit,,,exit,,Participant,Participant,[],"[""mit_consent"", ""label_experiment"", ""feedback""]","[""mit_consent"", ""label_experiment"", ""feedback""]",,True,male,English,No,no,no
"{""mit_consent"": true, ""__Waiting for trial__loop_start_time__loop_start_time"": ""2026-02-27T16:54:37.200634"", ""__label_experiment__trial_loop__loop_start_time__loop_start_time"": ""2026-02-27T16:49:14.019745"", ""sex"": ""male"", ""languages_in_order_of_proficiency"": ""English"", ""liked_experiment"": ""Yes, it was different than others."", ""find_experiment_difficult"": ""A little bit.  It was hard to determine whether they were full running, jogging, or just walking briskly."", ""encountered_technical_problems"": ""No""}",52,2026-02-27 16:48:54,False,,,Participant,7289661989e7a12e56e42144af08e6b4,prolific,69a1cadf8368e9ffa29f7045,5fdd503ee766bb41fd50f9d1:69a1cadf8368e9ffa29f7045,699f9178c0a64a38138a36ca,live,2026-02-27 16:55:47,1.25,,"{""recruiter"": ""prolific""}",approved,"[183, 4, 1]","[187, 5, 2]",451.5,451.5,1.0,[],"[1.0, 1.0]",c34c5c85-1834-c3ae-758d-b98895d2e585,46,False,True,Finish,[],[],"[[""mit_consent_conditional"", false], [""init_participant"", false]]",{},[],1.25,0.0,0.0,0.0,True,Chrome 145.0.0.0 on Windows 10 64-bit,,,exit,,Participant,Participant,[],"[""mit_consent"", ""label_experiment"", ""feedback""]","[""mit_consent"", ""label_experiment"", ""feedback""]",,True,male,English,"Yes, it was different than others.","A little bit.  It was hard to determine whether they were full running, jogging, or just walking briskly.",No
"{""mit_consent"": true, ""__Waiting for trial__loop_start_time__loop_start_time"": ""2026-02-27T16:55:41.704254"", ""__label_experiment__trial_loop__loop_start_time__loop_start_time"": ""2026-02-27T16:49:10.095364"", ""sex"": ""male"", ""languages_in_order_of_proficiency"": ""English"", ""liked_experiment"": ""Not really, repetitive, hard to come up with new words 36 times"", ""find_experiment_difficult"": ""Yes"", ""encountered_technical_problems"": ""no issues""}",53,2026-02-27 16:48:55,False,,,Participant,1e1f0d3464c3f30fdb29f73c3fe98881,prolific,69a1cadd4fabf4ad1f1bfa6c,653703627539f3a8b2ed4af3:69a1cadd4fabf4ad1f1bfa6c,699f9178c0a64a38138a36ca,live,2026-02-27 16:56:14,1.25,,"{""recruiter"": ""prolific""}",approved,"[183, 4, 1]","[187, 5, 2]",451.5,451.5,1.0,[],"[1.0, 1.0]",5bca35af-4961-cb7e-476a-a2c89dc45eef,46,False,True,Finish,[],[],"[[""mit_consent_conditional"", false], [""init_participant"", false]]",{},[],1.25,0.0,0.0,0.0,True,Chrome 144.0.0.0 on Windows 10 64-bit,,,exit,,Participant,Participant,[],"[""mit_consent"", ""label_experiment"", ""feedback""]","[""mit_consent"", ""label_experiment"", ""feedback""]",,True,male,English,"Not really, repetitive, hard to come up with new words 36 times",Yes,no issues
"{""mit_consent"": true, ""__Waiting for trial__loop_start_time__loop_start_time"": ""2026-02-27T16:57:55.336138"", ""__label_experiment__trial_loop__loop_start_time__loop_start_time"": ""2026-02-27T16:50:56.194693"", ""sex"": ""male"", ""languages_in_order_of_proficiency"": ""English"", ""liked_experiment"": ""It was fun"", ""find_experiment_difficult"": ""No"", ""encountered_technical_problems"": ""No""}",54,2026-02-27 16:48:56,False,,,Participant,e4cf0e42e862c3f0b4bd751bcf3f084b,prolific,69a1cadc94b297cbf5b23b7e,695fbf5f32df133a03cd128b:69a1cadc94b297cbf5b23b7e,699f9178c0a64a38138a36ca,live,2026-02-27 16:58:36,1.25,,"{""recruiter"": ""prolific""}",approved,"[183, 4, 1]","[187, 5, 2]",451.5,451.5,1.0,[],"[1.0, 1.0]",1ab0dc10-1aad-fd32-a358-e072af0be774,46,False,True,Finish,[],[],"[[""mit_consent_conditional"", false], [""init_participant"", false]]",{},[],1.25,0.0,0.0,0.0,True,Chrome 145.0.0.0 on Windows 10 64-bit,,,exit,,Participant,Participant,[],"[""mit_consent"", ""label_experiment"", ""feedback""]","[""mit_consent"", ""label_experiment"", ""feedback""]",,True,male,English,It was fun,No,No
"{""mit_consent"": true, ""__Waiting for trial__loop_start_time__loop_start_time"": ""2026-02-27T16:56:30.882636"", ""__label_experiment__trial_loop__loop_start_time__loop_start_time"": ""2026-02-27T16:50:40.979677"", ""sex"": ""female"", ""languages_in_order_of_proficiency"": ""English"", ""liked_experiment"": ""Yes, it was different"", ""find_experiment_difficult"": ""no"", ""encountered_technical_problems"": ""no""}",55,2026-02-27 16:49:09,False,,,Participant,c2611357fa959a49df78dda206b43536,prolific,69a1caf3c11c68c9e835cd1d,61bb392e40db417c1a138dcb:69a1caf3c11c68c9e835cd1d,699f9178c0a64a38138a36ca,live,2026-02-27 16:57:17,1.25,,"{""recruiter"": ""prolific""}",approved,"[183, 4, 1]","[187, 5, 2]",451.5,451.5,1.0,[],"[1.0, 1.0]",da13fcd9-8e9d-f865-161d-c99079603044,46,False,True,Finish,[],[],"[[""mit_consent_conditional"", false], [""init_participant"", false]]",{},[],1.25,0.0,0.0,0.0,True,Chrome 144.0.0.0 on Chrome OS 64-bit,,,exit,,Participant,Participant,[],"[""mit_consent"", ""label_experiment"", ""feedback""]","[""mit_consent"", ""label_experiment"", ""feedback""]",,True,female,English,"Yes, it was different",no,no
"{""mit_consent"": true, ""__Waiting for trial__loop_start_time__loop_start_time"": ""2026-02-27T16:52:22.688074"", ""__label_experiment__trial_loop__loop_start_time__loop_start_time"": ""2026-02-27T16:49:42.430130"", ""sex"": ""female"", ""languages_in_order_of_proficiency"": ""English"", ""liked_experiment"": ""It was fine.  I wanted to use more than one word."", ""find_experiment_difficult"": ""A little, it was hard to come up with appropriate words."", ""encountered_technical_problems"": ""No""}",56,2026-02-27 16:49:12,False,,,Participant,a274c2a42b94a7d48613c73220783b47,prolific,69a1cad93d4a1e31c5df66ef,5f218f86a3a5b05784d9d371:69a1cad93d4a1e31c5df66ef,699f9178c0a64a38138a36ca,live,2026-02-27 16:55:21,1.25,,"{""recruiter"": ""prolific""}",approved,"[183, 4, 1]","[187, 5, 2]",451.5,451.5,1.0,[],"[1.0, 1.0]",0b945be9-d58a-caf2-08e5-87a0ebbd77df,46,False,True,Finish,[],[],"[[""mit_consent_conditional"", false], [""init_participant"", false]]",{},[],1.25,0.0,0.0,0.0,True,Chrome 145.0.0.0 on Windows 10 64-bit,,,exit,,Participant,Participant,[],"[""mit_consent"", ""label_experiment"", ""feedback""]","[""mit_consent"", ""label_experiment"", ""feedback""]",,True,female,English,It was fine.  I wanted to use more than one word.,"A little, it was hard to come up with appropriate words.",No
"{""mit_consent"": true, ""__Waiting for trial__loop_start_time__loop_start_time"": ""2026-02-27T20:22:37.933326"", ""__label_experiment__trial_loop__loop_start_time__loop_start_time"": ""2026-02-27T20:18:07.072642"", ""sex"": ""prefer_not_to_say"", ""languages_in_order_of_proficiency"": ""english"", ""liked_experiment"": ""it's repedative"", ""find_experiment_difficult"": ""no"", ""encountered_technical_problems"": ""no""}",57,2026-02-27 20:17:46,False,,,Participant,f0faa07a45d80894d636834cc5cf348f,prolific,69a1fbd72cb2fd519ff382f1,6631b0617c0f0c282cb9966d:69a1fbd72cb2fd519ff382f1,699f9178c0a64a38138a36ca,live,2026-02-27 20:23:18,1.25,,"{""recruiter"": ""prolific""}",approved,"[183, 4, 1]","[187, 5, 2]",451.5,451.5,1.0,[],"[1.0, 1.0]",0ec0077d-739a-53c6-0770-e9bdc850b8df,46,False,True,Finish,[],[],"[[""mit_consent_conditional"", false], [""init_participant"", false]]",{},[],1.25,0.0,0.0,0.0,True,Chrome 145.0.0.0 on Windows 10 64-bit,,,exit,,Participant,Participant,[],"[""mit_consent"", ""label_experiment"", ""feedback""]","[""mit_consent"", ""label_experiment"", ""feedback""]",,True,prefer_not_to_say,english,it's repedative,no,no
"{""mit_consent"": true, ""__Waiting for trial__loop_start_time__loop_start_time"": ""2026-02-27T20:21:09.734101"", ""__label_experiment__trial_loop__loop_start_time__loop_start_time"": ""2026-02-27T20:18:18.880972"", ""sex"": ""male"", ""languages_in_order_of_proficiency"": ""english"", ""liked_experiment"": """", ""find_experiment_difficult"": ""No"", ""encountered_technical_problems"": ""no""}",58,2026-02-27 20:17:56,False,,,Participant,841b31f4a88149dce605f8b7ec5c9166,prolific,69a1fbd4b80f2449d7c49935,59e7477e3e4b5a00016aa4d2:69a1fbd4b80f2449d7c49935,699f9178c0a64a38138a36ca,live,2026-02-27 20:26:57,1.25,,"{""recruiter"": ""prolific""}",approved,"[183, 4, 1]","[187, 5, 2]",451.5,451.5,1.0,[],"[1.0, 1.0]",63f42cf3-d0da-21a1-93b4-97da33d8b1a2,46,False,True,Finish,[],[],"[[""mit_consent_conditional"", false], [""init_participant"", false]]",{},[],1.25,0.0,0.0,0.0,True,Chrome 145.0.0.0 on Windows 10 64-bit,,,exit,,Participant,Participant,[],"[""mit_consent"", ""label_experiment"", ""feedback""]","[""mit_consent"", ""label_experiment"", ""feedback""]",,True,male,english,,No,no
"{""mit_consent"": true, ""__Waiting for trial__loop_start_time__loop_start_time"": ""2026-02-27T20:24:06.550151"", ""__label_experiment__trial_loop__loop_start_time__loop_start_time"": ""2026-02-27T20:18:41.627072"", ""sex"": ""female"", ""languages_in_order_of_proficiency"": ""English only"", ""liked_experiment"": ""yes"", ""find_experiment_difficult"": ""a bit- I wanted to put speed walking on some"", ""encountered_technical_problems"": ""no""}",59,2026-02-27 20:18:00,False,,,Participant,58af590e56dde3aa392d69b1f9c7596e,prolific,69a1fbdfecc87d8c64e7f260,611b09935cd6e67f2b5e9ea2:69a1fbdfecc87d8c64e7f260,699f9178c0a64a38138a36ca,live,2026-02-27 20:25:03,1.25,,"{""recruiter"": ""prolific""}",approved,"[183, 4, 1]","[187, 5, 2]",451.5,451.5,1.0,[],"[1.0, 1.0]",17c47328-97ed-ceea-63ea-f32abbeb5711,46,False,True,Finish,[],[],"[[""mit_consent_conditional"", false], [""init_participant"", false]]",{},[],1.25,0.0,0.0,0.0,True,Chrome 145.0.0.0 on Windows 10 64-bit,,,exit,,Participant,Participant,[],"[""mit_consent"", ""label_experiment"", ""feedback""]","[""mit_consent"", ""label_experiment"", ""feedback""]",,True,female,English only,yes,a bit- I wanted to put speed walking on some,no
"{""mit_consent"": true, ""__Waiting for trial__loop_start_time__loop_start_time"": ""2026-02-27T20:23:44.145958"", ""__label_experiment__trial_loop__loop_start_time__loop_start_time"": ""2026-02-27T20:18:37.784133"", ""sex"": ""female"", ""languages_in_order_of_proficiency"": ""english"", ""liked_experiment"": ""it was repetative"", ""find_experiment_difficult"": ""no"", ""encountered_technical_problems"": ""no""}",60,2026-02-27 20:18:04,False,,,Participant,973afc0364293067b1ae757672c775b3,prolific,69a1fbdd3399755b201b581b,63fba62ad4d1fc9ced67eff4:69a1fbdd3399755b201b581b,699f9178c0a64a38138a36ca,live,2026-02-27 20:24:18,1.25,,"{""recruiter"": ""prolific""}",approved,"[183, 4, 1]","[187, 5, 2]",451.5,451.5,1.0,[],"[1.0, 1.0]",ae6b03fa-ae65-7029-63a8-7875fa151b3b,46,False,True,Finish,[],[],"[[""mit_consent_conditional"", false], [""init_participant"", false]]",{},[],1.25,0.0,0.0,0.0,True,Chrome 145.0.0.0 on Windows 10 64-bit,,,exit,,Participant,Participant,[],"[""mit_consent"", ""label_experiment"", ""feedback""]","[""mit_consent"", ""label_experiment"", ""feedback""]",,True,female,english,it was repetative,no,no
"{""mit_consent"": true, ""__Waiting for trial__loop_start_time__loop_start_time"": ""2026-02-27T20:23:55.505409"", ""__label_experiment__trial_loop__loop_start_time__loop_start_time"": ""2026-02-27T20:18:53.715357"", ""sex"": ""female"", ""languages_in_order_of_proficiency"": ""English"", ""liked_experiment"": ""no"", ""find_experiment_difficult"": ""sort of"", ""encountered_technical_problems"": ""no""}",61,2026-02-27 20:18:20,False,,,Participant,205023e069fd095585455469bc87fcac,prolific,69a1fbf18410a7bedf41b6d7,622a42c21de0c55ba18a2acb:69a1fbf18410a7bedf41b6d7,699f9178c0a64a38138a36ca,live,2026-02-27 20:24:32,1.25,,"{""recruiter"": ""prolific""}",approved,"[183, 4, 1]","[187, 5, 2]",451.5,451.5,1.0,[],"[1.0, 1.0]",815f9e4c-ac98-150e-4011-4335331e168f,46,False,True,Finish,[],[],"[[""mit_consent_conditional"", false], [""init_participant"", false]]",{},[],1.25,0.0,0.0,0.0,True,Chrome 145.0.0.0 on Windows 10 64-bit,,,exit,,Participant,Participant,[],"[""mit_consent"", ""label_experiment"", ""feedback""]","[""mit_consent"", ""label_experiment"", ""feedback""]",,True,female,English,no,sort of,no
"{""mit_consent"": true, ""__Waiting for trial__loop_start_time__loop_start_time"": ""2026-02-27T20:27:35.178327"", ""__label_experiment__trial_loop__loop_start_time__loop_start_time"": ""2026-02-27T20:19:05.051977"", ""sex"": ""female"", ""languages_in_order_of_proficiency"": ""English"", ""liked_experiment"": ""Yes"", ""find_experiment_difficult"": ""No"", ""encountered_technical_problems"": ""No""}",62,2026-02-27 20:18:26,False,,,Participant,0921b8c6bf193fe9acf7e49e126a69d8,prolific,69a1fbd2f8903da522a67504,65e74f3dd1cf1c6869f7af37:69a1fbd2f8903da522a67504,699f9178c0a64a38138a36ca,live,2026-02-27 20:28:04,1.25,,"{""recruiter"": ""prolific""}",approved,"[183, 4, 1]","[187, 5, 2]",451.5,451.5,1.0,[],"[1.0, 1.0]",c284a9a8-737a-9693-4a81-0d04a4cfd20e,46,False,True,Finish,[],[],"[[""mit_consent_conditional"", false], [""init_participant"", false]]",{},[],1.25,0.0,0.0,0.0,True,Chrome 145.0.0.0 on OS X 10.15.7 64-bit,,,exit,,Participant,Participant,[],"[""mit_consent"", ""label_experiment"", ""feedback""]","[""mit_consent"", ""label_experiment"", ""feedback""]",,True,female,English,Yes,No,No
"{""mit_consent"": true, ""__Waiting for trial__loop_start_time__loop_start_time"": ""2026-02-28T02:19:28.650968"", ""__label_experiment__trial_loop__loop_start_time__loop_start_time"": ""2026-02-28T02:12:20.881601"", ""sex"": ""female"", ""languages_in_order_of_proficiency"": ""english "", ""liked_experiment"": ""yes I did, but I was wondering if you were wanting different answers that I was giving "", ""find_experiment_difficult"": ""no"", ""encountered_technical_problems"": ""no""}",63,2026-02-28 02:11:17,False,,,Participant,5500b5ada309bfd9bf6f502fc1498bc6,prolific,69a24eb17e9a3f5627422f19,675a1c9c5cac55bc951ff999:69a24eb17e9a3f5627422f19,699f9178c0a64a38138a36ca,live,2026-02-28 02:20:39,1.25,,"{""recruiter"": ""prolific""}",approved,"[183, 4, 1]","[187, 5, 2]",451.5,451.5,1.0,[],"[1.0, 1.0]",118f5cf8-7e80-6636-8892-f28b8b338cab,46,False,True,Finish,[],[],"[[""mit_consent_conditional"", false], [""init_participant"", false]]",{},[],1.25,0.0,0.0,0.0,True,Chrome 144.0.0.0 on Chrome OS 64-bit,,,exit,,Participant,Participant,[],"[""mit_consent"", ""label_experiment"", ""feedback""]","[""mit_consent"", ""label_experiment"", ""feedback""]",,True,female,english ,"yes I did, but I was wondering if you were wanting different answers that I was giving ",no,no
"{""mit_consent"": true, ""__Waiting for trial__loop_start_time__loop_start_time"": ""2026-02-28T02:15:21.623691"", ""__label_experiment__trial_loop__loop_start_time__loop_start_time"": ""2026-02-28T02:11:52.397654"", ""sex"": ""prefer_not_to_say"", ""languages_in_order_of_proficiency"": ""English"", ""liked_experiment"": ""It was okay"", ""find_experiment_difficult"": ""Not really"", ""encountered_technical_problems"": ""No""}",64,2026-02-28 02:11:28,False,,,Participant,e351d547cbc1fc80d22454ded59bac39,prolific,69a24ec1e32a1baebc8bb5f4,664672fcce821ecd654e1319:69a24ec1e32a1baebc8bb5f4,699f9178c0a64a38138a36ca,live,2026-02-28 02:15:47,1.25,,"{""recruiter"": ""prolific""}",approved,"[183, 4, 1]","[187, 5, 2]",451.5,451.5,1.0,[],"[1.0, 1.0]",fcefd21e-7d9e-4b9c-9b9d-7afe9166340d,46,False,True,Finish,[],[],"[[""mit_consent_conditional"", false], [""init_participant"", false]]",{},[],1.25,0.0,0.0,0.0,True,Chrome 145.0.0.0 on Windows 10 64-bit,,,exit,,Participant,Participant,[],"[""mit_consent"", ""label_experiment"", ""feedback""]","[""mit_consent"", ""label_experiment"", ""feedback""]",,True,prefer_not_to_say,English,It was okay,Not really,No
"{""mit_consent"": true, ""__Waiting for trial__loop_start_time__loop_start_time"": ""2026-02-28T02:18:58.681428"", ""__label_experiment__trial_loop__loop_start_time__loop_start_time"": ""2026-02-28T02:12:21.854656"", ""sex"": ""female"", ""languages_in_order_of_proficiency"": ""English"", ""liked_experiment"": ""Somewhat. It was a little repetitive. "", ""find_experiment_difficult"": ""No, it was easy."", ""encountered_technical_problems"": ""No technical problems. ""}",65,2026-02-28 02:11:58,False,,,Participant,ce71eb70c9c8b1d6f9cc778c028d0d08,prolific,69a24ec83c2f3986fe657b96,671c5ad0eb30c87c11b22ec4:69a24ec83c2f3986fe657b96,699f9178c0a64a38138a36ca,live,2026-02-28 02:19:48,1.25,,"{""recruiter"": ""prolific""}",approved,"[183, 4, 1]","[187, 5, 2]",451.5,451.5,1.0,[],"[1.0, 1.0]",9bd01a75-3a92-0563-df48-c614416dd185,46,False,True,Finish,[],[],"[[""mit_consent_conditional"", false], [""init_participant"", false]]",{},[],1.25,0.0,0.0,0.0,True,Chrome 145.0.0.0 on OS X 10.15.7 64-bit,,,exit,,Participant,Participant,[],"[""mit_consent"", ""label_experiment"", ""feedback""]","[""mit_consent"", ""label_experiment"", ""feedback""]",,True,female,English,Somewhat. It was a little repetitive. ,"No, it was easy.",No technical problems. 
"{""mit_consent"": true, ""__Waiting for trial__loop_start_time__loop_start_time"": ""2026-02-28T02:15:55.804614"", ""__label_experiment__trial_loop__loop_start_time__loop_start_time"": ""2026-02-28T02:12:26.547641"", ""sex"": ""female"", ""languages_in_order_of_proficiency"": ""english"", ""liked_experiment"": ""yes"", ""find_experiment_difficult"": ""no"", ""encountered_technical_problems"": ""no""}",66,2026-02-28 02:12:04,False,,,Participant,debb78218a3a8df96b0762e54018422e,prolific,69a24ebe323ab883f90acc80,69a0b542190d3d759d168389:69a24ebe323ab883f90acc80,699f9178c0a64a38138a36ca,live,2026-02-28 02:16:14,1.25,,"{""recruiter"": ""prolific""}",approved,"[183, 4, 1]","[187, 5, 2]",451.5,451.5,1.0,[],"[1.0, 1.0]",b50e5864-e64b-2edc-bd32-941f9c9f2ee9,46,False,True,Finish,[],[],"[[""mit_consent_conditional"", false], [""init_participant"", false]]",{},[],1.25,0.0,0.0,0.0,True,Chrome 130.0.0.0 on OS X 10.15.7 64-bit,,,exit,,Participant,Participant,[],"[""mit_consent"", ""label_experiment"", ""feedback""]","[""mit_consent"", ""label_experiment"", ""feedback""]",,True,female,english,yes,no,no
"{""mit_consent"": true, ""__Waiting for trial__loop_start_time__loop_start_time"": ""2026-02-28T02:20:50.055490"", ""__label_experiment__trial_loop__loop_start_time__loop_start_time"": ""2026-02-28T02:14:43.866774"", ""sex"": ""female"", ""languages_in_order_of_proficiency"": ""English, Spanish"", ""liked_experiment"": ""it was a bit repetitive, but it was okay"", ""find_experiment_difficult"": ""a bit"", ""encountered_technical_problems"": """"}",67,2026-02-28 02:14:25,False,,,Participant,bbef731c14607f6006507a328a33786d,prolific,69a24ec465e5d14a5e337480,6119ccaad19b17d52526b724:69a24ec465e5d14a5e337480,699f9178c0a64a38138a36ca,live,2026-02-28 02:21:20,1.25,,"{""recruiter"": ""prolific""}",approved,"[183, 4, 1]","[187, 5, 2]",451.5,451.5,1.0,[],"[1.0, 1.0]",c3b9e897-b520-0c0e-8288-009fe08c0e33,46,False,True,Finish,[],[],"[[""mit_consent_conditional"", false], [""init_participant"", false]]",{},[],1.25,0.0,0.0,0.0,True,Chrome 145.0.0.0 on Windows 10 64-bit,,,exit,,Participant,Participant,[],"[""mit_consent"", ""label_experiment"", ""feedback""]","[""mit_consent"", ""label_experiment"", ""feedback""]",,True,female,"English, Spanish","it was a bit repetitive, but it was okay",a bit,
"{""mit_consent"": true, ""__Waiting for trial__loop_start_time__loop_start_time"": ""2026-03-01T20:59:10.094087"", ""__label_experiment__trial_loop__loop_start_time__loop_start_time"": ""2026-03-01T20:54:34.766226"", ""sex"": ""female"", ""languages_in_order_of_proficiency"": ""english"", ""liked_experiment"": ""yes"", ""find_experiment_difficult"": ""no"", ""encountered_technical_problems"": ""no""}",68,2026-03-01 20:45:45,False,,,Participant,eead1cd96a6fef04ed4956d0beec578c,prolific,69a4a56cc9325ae63f4518c2,640415971520c41606ca4389:69a4a56cc9325ae63f4518c2,699f9178c0a64a38138a36ca,live,2026-03-01 20:59:32,1.25,,"{""recruiter"": ""prolific""}",approved,"[183, 4, 1]","[187, 5, 2]",451.5,451.5,1.0,[],"[1.0, 1.0]",cab3d9d8-4ccc-4a16-a9aa-38990afe05c3,46,False,True,Finish,[],[],"[[""mit_consent_conditional"", false], [""init_participant"", false]]",{},[],1.25,0.0,0.0,0.0,True,Chrome 145.0.0.0 on Windows 10 64-bit,,,exit,,Participant,Participant,[],"[""mit_consent"", ""label_experiment"", ""feedback""]","[""mit_consent"", ""label_experiment"", ""feedback""]",,True,female,english,yes,no,no
"{""mit_consent"": true, ""__Waiting for trial__loop_start_time__loop_start_time"": ""2026-03-01T20:52:10.146764"", ""__label_experiment__trial_loop__loop_start_time__loop_start_time"": ""2026-03-01T20:46:27.109513"", ""sex"": ""male"", ""languages_in_order_of_proficiency"": ""English"", ""liked_experiment"": ""Yes"", ""find_experiment_difficult"": ""A little"", ""encountered_technical_problems"": ""No""}",69,2026-03-01 20:46:08,False,,,Participant,bda89a4caab9723cf39932b1d7d851a4,prolific,69a4a56d61847d5d15a41ade,614e6f4f00a9e94b123316d3:69a4a56d61847d5d15a41ade,699f9178c0a64a38138a36ca,live,2026-03-01 20:52:36,1.25,,"{""recruiter"": ""prolific""}",approved,"[183, 4, 1]","[187, 5, 2]",451.5,451.5,1.0,[],"[1.0, 1.0]",d2835dad-d4a7-e67e-7fc6-0eb1732dd8c7,46,False,True,Finish,[],[],"[[""mit_consent_conditional"", false], [""init_participant"", false]]",{},[],1.25,0.0,0.0,0.0,True,Chrome 145.0.0.0 on Windows 10 64-bit,,,exit,,Participant,Participant,[],"[""mit_consent"", ""label_experiment"", ""feedback""]","[""mit_consent"", ""label_experiment"", ""feedback""]",,True,male,English,Yes,A little,No
"{""mit_consent"": true, ""__Waiting for trial__loop_start_time__loop_start_time"": ""2026-03-01T20:53:06.109769"", ""__label_experiment__trial_loop__loop_start_time__loop_start_time"": ""2026-03-01T20:47:05.378065"", ""sex"": ""female"", ""languages_in_order_of_proficiency"": ""english"", ""liked_experiment"": ""yes"", ""find_experiment_difficult"": ""no"", ""encountered_technical_problems"": ""no""}",70,2026-03-01 20:46:12,False,,,Participant,b81badf56b77e48cc45e0aec5c029ed9,prolific,69a4a5779789fbc20d478bcf,63a3375101319bb7cb39f654:69a4a5779789fbc20d478bcf,699f9178c0a64a38138a36ca,live,2026-03-01 20:53:49,1.25,,"{""recruiter"": ""prolific""}",approved,"[183, 4, 1]","[187, 5, 2]",451.5,451.5,1.0,[],"[1.0, 1.0]",2c440329-fe98-cf90-c885-df532b6ea547,46,False,True,Finish,[],[],"[[""mit_consent_conditional"", false], [""init_participant"", false]]",{},[],1.25,0.0,0.0,0.0,True,Chrome 145.0.0.0 on Windows 10 64-bit,,,exit,,Participant,Participant,[],"[""mit_consent"", ""label_experiment"", ""feedback""]","[""mit_consent"", ""label_experiment"", ""feedback""]",,True,female,english,yes,no,no
